Title	Country	Language	Year	Director	Film type	Genres	Length
John Carter	United States	English	2012	Andrew Stanton	Color	Action|Adventure|Sci-Fi	132
Batman v Superman: Dawn of Justice	United States	English	2016	Zack Snyder	Color	Action|Adventure|Sci-Fi	183
Man of Steel	United States	English	2013	Zack Snyder	Color	Action|Adventure|Fantasy|Sci-Fi	143
Men in Black 3	United States	English	2012	Barry Sonnenfeld	Color	Action|Adventure|Comedy|Family|Fantasy|Sci-Fi	106
The Hobbit: The Desolation of Smaug	United States	English	2013	Peter Jackson	Color	Adventure|Fantasy	186
Captain America: Civil War	United States	English	2016	Anthony Russo	Color	Action|Adventure|Sci-Fi	147
Iron Man 3	United States	English	2013	Shane Black	Color	Action|Adventure|Sci-Fi	195
Transformers: Revenge of the Fallen	United States	English	2009	Michael Bay	Color	Action|Adventure|Sci-Fi	150
TRON: Legacy	United States	English	2010	Joseph Kosinski	Color	Action|Adventure|Sci-Fi	125
Terminator Salvation	United States	English	2009	McG	Color	Action|Adventure|Sci-Fi	118
Star Trek Into Darkness	United States	English	2013	J.J. Abrams	Color	Action|Adventure|Sci-Fi	132
Pacific Rim	United States	English	2013	Guillermo del Toro	Color	Action|Adventure|Sci-Fi	131
Brave	United States	English	2012	Mark Andrews	Color	Adventure|Animation|Comedy|Family|Fantasy	93
2012	United States	English	2009	Roland Emmerich	Color	Action|Adventure|Sci-Fi	158
The Chronicles of Narnia: The Lion, the Witch and the Wardrobe	United States	English	2005	Andrew Adamson	Color	Adventure|Family|Fantasy	150
Monsters vs. Aliens	United States	English	2009	Rob Letterman	Color	Action|Adventure|Animation|Comedy|Family|Sci-Fi	94
The Mummy: Tomb of the Dragon Emperor	United States	English	2008	Rob Cohen	Color	Action|Adventure|Fantasy|Horror|Thriller	112
Waterworld	United States	English	1995	Kevin Reynolds	Color	Action|Adventure|Sci-Fi|Thriller	176
Snow White and the Huntsman	United States	English	2012	Rupert Sanders	Color	Action|Adventure|Drama|Fantasy	132
47 Ronin	United States	English	2013	Carl Rinsch	Color	Action|Adventure|Drama|Fantasy	128
Big Hero 6	United States	English	2014	Don Hall	Color	Action|Adventure|Animation|Comedy|Drama|Family|Sci-Fi	102
How to Train Your Dragon	United States	English	2010	Dean DeBlois	Color	Adventure|Animation|Family|Fantasy	98
Inception	United States	English	2010	Christopher Nolan	Color	Action|Adventure|Sci-Fi|Thriller	148
The Curious Case of Benjamin Button	United States	English	2008	David Fincher	Color	Drama|Fantasy|Romance	166
Poseidon	United States	English	2006	Wolfgang Petersen	Color	Action|Adventure|Drama|Thriller	98
Terminator Genisys	United States	English	2015	Alan Taylor	Color	Action|Adventure|Sci-Fi	126
Alexander	Germany	English	2004	Oliver Stone	Color	Action|Adventure|Biography|Drama|History|Romance|War	206
Ratatouille	United States	English	2007	Brad Bird	Color	Animation|Comedy|Family|Fantasy	111
X-Men Origins: Wolverine	United States	English	2009	Gavin Hood	Color	Action|Adventure|Fantasy|Sci-Fi|Thriller	119
Thor: The Dark World	United States	English	2013	Alan Taylor	Color	Action|Adventure|Fantasy	112
Bolt	United States	English	2008	Byron Howard	Color	Adventure|Animation|Comedy|Drama|Family	96
Mission: Impossible - Rogue Nation	China	English	2015	Christopher McQuarrie	Color	Action|Adventure|Thriller	131
Kung Fu Panda 2	United States	English	2011	Jennifer Yuh Nelson	Color	Action|Adventure|Animation|Comedy|Family	90
Mars Needs Moms	United States	English	2011	Simon Wells	Color	Action|Adventure|Animation|Comedy|Family|Sci-Fi	88
Madagascar 3: Europe's Most Wanted	United States	English	2012	Eric Darnell	Color	Adventure|Animation|Comedy|Family	93
Beowulf	United States	English	2007	Robert Zemeckis	Color	Action|Adventure|Animation|Fantasy	115
Fun with Dick and Jane	United States	English	2005	Dean Parisot	Color	Comedy|Crime	90
How to Train Your Dragon 2	United States	English	2014	Dean DeBlois	Color	Action|Adventure|Animation|Comedy|Family|Fantasy	102
Lethal Weapon 4	United States	English	1998	Richard Donner	Color	Action|Crime|Thriller	127
Captain America: The First Avenger	United States	English	2011	Joe Johnston	Color	Action|Adventure|Sci-Fi	124
The Incredible Hulk	United States	English	2008	Louis Leterrier	Color	Action|Adventure|Sci-Fi	135
Penguins of Madagascar	United States	English	2014	Eric Darnell	Color	Adventure|Animation|Comedy|Family	92
The Hunger Games: Catching Fire	United States	English	2013	Francis Lawrence	Color	Adventure|Sci-Fi|Thriller	146
Bad Boys II	United States	English	2003	Michael Bay	Color	Action|Comedy|Crime|Thriller	147
The Adventures of Tintin	United States	English	2011	Steven Spielberg	Color	Action|Adventure|Family|Mystery	107
Night at the Museum: Secret of the Tomb	United States	English	2014	Shawn Levy	Color	Adventure|Comedy|Family|Fantasy	98
Pirates of the Caribbean: The Curse of the Black Pearl	United States	English	2003	Gore Verbinski	Color	Action|Adventure|Fantasy	143
X-Men 2	Canada	English	2003	Bryan Singer	Color	Action|Adventure|Fantasy|Sci-Fi|Thriller	134
Total Recall	United States	English	1990	Paul Verhoeven	Color	Action|Sci-Fi	113
How the Grinch Stole Christmas	United States	English	2000	Ron Howard	Color	Comedy|Family|Fantasy	110
Fantastic 4: Rise of the Silver Surfer	United States	English	2007	Tim Story	Color	Action|Adventure|Sci-Fi|Thriller	92
Prometheus	United States	English	2012	Ridley Scott	Color	Adventure|Mystery|Sci-Fi	124
RoboCop	United States	English	2014	José Padilha	Color	Action|Crime|Sci-Fi|Thriller	117
Oblivion	United States	English	2013	Joseph Kosinski	Color	Action|Adventure|Mystery|Sci-Fi	124
The Wolverine	United States	English	2013	James Mangold	Color	Action|Adventure|Sci-Fi|Thriller	138
Windtalkers	United States	English	2002	John Woo	Color	Action|Drama|War	153
Teenage Mutant Ninja Turtles: Out of the Shadows	United States	English	2016	Dave Green	Color	Action|Adventure|Comedy|Sci-Fi	112
The Patriot	United States	English	2000	Roland Emmerich	Color	Action|Drama|History|War	142
The Aviator	United States	English	2004	Martin Scorsese	Black and White	Biography|Drama	170
The Smurfs	United States	English	2011	Raja Gosnell	Color	Adventure|Animation|Comedy|Family|Fantasy	103
The Smurfs 2	United States	English	2013	Raja Gosnell	Color	Adventure|Animation|Comedy|Family|Fantasy	105
The Lord of the Rings: The Fellowship of the Ring	New Zealand	English	2001	Peter Jackson	Color	Action|Adventure|Drama|Fantasy	171
I, Robot	United States	English	2004	Alex Proyas	Color	Action|Mystery|Sci-Fi|Thriller	115
The Martian	United States	English	2015	Ridley Scott	Color	Adventure|Drama|Sci-Fi	151
Minority Report	United States	English	2002	Steven Spielberg	Color	Action|Mystery|Sci-Fi|Thriller	145
American Gangster	United States	English	2007	Ridley Scott	Color	Biography|Crime|Drama	176
The Other Guys	United States	English	2010	Adam McKay	Color	Action|Comedy|Crime	116
The Emperor's New Groove	United States	English	2000	Mark Dindal	Color	Adventure|Animation|Comedy|Family|Fantasy	78
Where the Wild Things Are	Germany	English	2009	Spike Jonze	Color	Adventure|Drama|Family|Fantasy	101
End of Days	United States	English	1999	Peter Hyams	Color	Action|Fantasy|Horror|Mystery	121
Starship Troopers	United States	English	1997	Paul Verhoeven	Color	Action|Sci-Fi|War	129
Hercules	United States	English	2014	Brett Ratner	Color	Action|Adventure	101
Point Break	United States	English	2015	Ericson Core	Color	Action|Crime|Sport|Thriller	114
Green Zone	France	English	2010	Paul Greengrass	Color	Action|Drama|Thriller|War	115
Gangs of New York	United States	English	2002	Martin Scorsese	Color	Crime|Drama	216
Black Hawk Down	United States	English	2001	Ridley Scott	Color	Drama|History|War	152
The Road to El Dorado	United States	English	2000	Bibo Bergeron	Color	Adventure|Animation|Comedy|Family|Romance	89
Finding Nemo	United States	English	2003	Andrew Stanton	Color	Adventure|Animation|Comedy|Family	100
Lara Croft: Tomb Raider	United States	English	2001	Simon West	Color	Action|Adventure|Fantasy|Thriller	100
A Good Day to Die Hard	United States	English	2013	John Moore	Color	Action|Thriller	101
Men in Black	United States	English	1997	Barry Sonnenfeld	Color	Adventure|Comedy|Family|Mystery|Sci-Fi	98
What Lies Beneath	United States	English	2000	Robert Zemeckis	Color	Drama|Fantasy|Horror|Mystery|Thriller	130
Charlie's Angels	United States	English	2000	McG	Color	Action|Adventure|Comedy|Crime|Thriller	94
The Girl with the Dragon Tattoo	United States	English	2011	David Fincher	Color	Crime|Drama|Mystery|Thriller	158
Atlantis: The Lost Empire	United States	English	2001	Gary Trousdale	Color	Action|Adventure|Animation|Family|Fantasy|Sci-Fi	95
Pixels	United States	English	2015	Chris Columbus	Color	Action|Animation|Comedy|Sci-Fi	106
Hollow Man	United States	English	2000	Paul Verhoeven	Color	Action|Horror|Sci-Fi|Thriller	119
The Saint	United States	English	1997	Phillip Noyce	Color	Action|Adventure|Romance|Sci-Fi|Thriller	116
Bicentennial Man	United States	English	1999	Chris Columbus	Color	Comedy|Drama|Sci-Fi	132
Conan the Barbarian	United States	English	1982	John Milius	Color	Adventure|Fantasy	129
The Fast and the Furious	United States	English	2001	Rob Cohen	Color	Action|Crime|Thriller	106
Air Force One	United States	English	1997	Wolfgang Petersen	Color	Action|Adventure|Drama|Thriller	124
Enchanted	United States	English	2007	Kevin Lima	Color	Animation|Comedy|Family|Fantasy|Musical|Romance	107
The Holiday	United States	English	2006	Nancy Meyers	Color	Comedy|Romance	138
Open Season	United States	English	2006	Roger Allers	Color	Adventure|Animation|Comedy|Family	83
Last Action Hero	United States	English	1993	John McTiernan	Color	Action|Adventure|Comedy|Fantasy	130
Collateral Damage	United States	English	2002	Andrew Davis	Color	Action|Drama|Thriller	108
The Core	United States	English	2003	Jon Amiel	Color	Action|Adventure|Sci-Fi|Thriller	135
Creepshow	United States	English	1982	George A. Romero	Color	Comedy|Fantasy|Horror	130
Zodiac	United States	English	2007	David Fincher	Color	Crime|Drama|History|Mystery|Thriller	162
Mission: Impossible	United States	English	1996	Brian De Palma	Color	Action|Adventure|Thriller	110
Over the Hedge	United States	English	2006	Tim Johnson	Color	Adventure|Animation|Comedy|Family	83
RED 2	United States	English	2013	Dean Parisot	Color	Action|Comedy|Crime|Thriller	116
Get Smart	United States	English	2008	Peter Segal	Color	Action|Adventure|Comedy	110
Robots	United States	English	2005	Chris Wedge	Color	Adventure|Animation|Comedy|Family|Sci-Fi	91
Just Go with It	United States	English	2011	Dennis Dugan	Color	Comedy|Romance	117
The Book of Eli	United States	English	2010	Albert Hughes	Color	Action|Adventure|Drama|Thriller	118
The Pink Panther	United States	English	2006	Shawn Levy	Color	Adventure|Comedy|Crime|Family|Mystery	93
Six Days Seven Nights	United States	English	1998	Ivan Reitman	Color	Action|Adventure|Comedy|Romance	98
Lost in Space	United States	English	1998	Stephen Hopkins	Color	Action|Adventure|Family|Sci-Fi|Thriller	130
Fantasia 2000	United States	English	1999	James Algar	Color	Animation|Family|Fantasy|Music	74
The Legend of Zorro	United States	Spanish	2005	Martin Campbell	Color	Action|Adventure|Western	129
Mars Attacks!	United States	English	1996	Tim Burton	Color	Action|Comedy|Sci-Fi	106
Thirteen Days	United States	English	2000	Roger Donaldson	Color	Drama|History|Thriller	145
Looney Tunes: Back in Action	Germany	English	2003	Joe Dante	Color	Adventure|Animation|Comedy|Family|Fantasy|Sci-Fi	91
Babe: Pig in the City	Australia	English	1998	George Miller	Color	Adventure|Comedy|Drama|Family|Fantasy	97
Oceans	France	French	2009	Jacques Perrin	Color	Documentary|Drama	104
The Lion King	United States	English	1994	Roger Allers	Color	Adventure|Animation|Drama|Family|Musical	73
Hidalgo	United States	English	2004	Joe Johnston	Color	Action|Adventure|Western	136
The Invasion	United States	English	2007	Oliver Hirschbiegel	Color	Sci-Fi|Thriller	99
Despicable Me 2	United States	English	2013	Pierre Coffin	Color	Animation|Comedy|Family|Sci-Fi	98
Children of Men	United States	English	2006	Alfonso Cuarón	Color	Drama|Sci-Fi|Thriller	109
Ice Age: The Meltdown	United States	English	2006	Carlos Saldanha	Color	Action|Adventure|Animation|Comedy|Family|Fantasy	115
Inspector Gadget	United States	English	1999	David Kellogg	Color	Action|Adventure|Comedy|Family|Sci-Fi	110
Hotel for Dogs	United States	English	2009	Thor Freudenthal	Color	Comedy|Family	100
Dreamgirls	United States	English	2006	Bill Condon	Color	Drama|Music|Musical	130
Killers	United States	English	2010	Robert Luketic	Color	Action|Comedy|Romance|Thriller	100
Bandits	United States	English	2001	Barry Levinson	Color	Comedy|Crime|Drama|Romance	123
Hostage	United States	English	2005	Florent-Emilio Siri	Color	Action|Crime|Drama|Mystery|Thriller	113
Monkeybone	United States	English	2001	Henry Selick	Color	Animation|Comedy|Fantasy	93
Sucker Punch	United States	English	2011	Zack Snyder	Color	Action|Fantasy	128
Fool's Gold	United States	English	2008	Andy Tennant	Color	Action|Adventure|Comedy|Romance|Thriller	112
Dr. Dolittle 2	United States	English	2001	Steve Carr	Color	Comedy|Family|Fantasy	87
The Majestic	United States	English	2001	Frank Darabont	Color	Drama|Romance	152
Doctor Dolittle	United States	English	1998	Betty Thomas	Color	Comedy|Family|Fantasy	85
Runaway Bride	United States	English	1999	Garry Marshall	Color	Comedy|Romance	116
Inglourious Basterds	United States	English	2009	Quentin Tarantino	Color	Adventure|Drama|War	153
S.W.A.T.	United States	English	2003	Clark Johnson	Color	Action|Adventure|Crime|Thriller	117
Alvin and the Chipmunks: The Squeakquel	United States	English	2009	Betty Thomas	Color	Animation|Comedy|Family|Fantasy|Music	88
Battle Los Angeles	United States	English	2011	Jonathan Liebesman	Color	Action|Sci-Fi	116
The Monuments Men	United States	English	2014	George Clooney	Color	Drama|War	118
The Siege	United States	English	1998	Edward Zwick	Color	Action|Thriller	116
I Spy	United States	English	2002	Betty Thomas	Color	Action|Adventure|Comedy|Thriller	97
Rollerball	United States	English	2002	John McTiernan	Color	Action|Sci-Fi|Sport	98
Legends of Oz: Dorothy's Return	United States	English	2013	Will Finn	Color	Adventure|Animation|Family|Fantasy|Musical	88
The Legend of Hercules	United States	English	2014	Renny Harlin	Color	Action|Adventure|Fantasy	99
Despicable Me	United States	English	2010	Pierre Coffin	Color	Animation|Comedy|Family	87
Mystery Men	United States	English	1999	Kinka Usher	Color	Action|Comedy|Fantasy|Sci-Fi	121
Body of Lies	United States	English	2008	Ridley Scott	Color	Action|Drama|Thriller	128
The X Files	United States	English	1998	Rob Bowman	Color	Drama|Mystery|Sci-Fi|Thriller	121
Ice Age	United States	English	2002	Chris Wedge	Color	Adventure|Animation|Comedy|Family	103
Apollo 13	United States	English	1995	Ron Howard	Color	Adventure|Drama|History	140
You've Got Mail	United States	English	1998	Nora Ephron	Color	Comedy|Drama|Romance	119
Unbroken	United States	English	2014	Angelina Jolie Pitt	Color	Biography|Drama|Sport|War	137
The Kid	United States	English	2000	Jon Turteltaub	Color	Comedy|Family|Fantasy	104
Annie	United States	English	2014	Will Gluck	Color	Comedy|Drama|Family|Musical	118
Red Dawn	United States	English	1984	John Milius	Color	Action|Drama|War	114
The Long Kiss Goodnight	United States	English	1996	Renny Harlin	Color	Action|Crime|Drama|Mystery|Thriller	121
We Are Marshall	United States	English	2006	McG	Color	Drama|Sport	131
Elektra	Canada	English	2005	Rob Bowman	Color	Action|Crime|Fantasy|Thriller	100
Austin Powers in Goldmember	United States	English	2002	Jay Roach	Color	Action|Comedy|Crime	94
Clear and Present Danger	United States	English	1994	Phillip Noyce	Color	Action|Crime|Drama|Thriller	141
The American President	United States	English	1995	Rob Reiner	Color	Comedy|Drama|Romance	114
Blades of Glory	United States	English	2007	Josh Gordon	Color	Comedy|Sport	93
Marley & Me	United States	English	2008	David Frankel	Color	Comedy|Drama|Family	115
Gone Girl	United States	English	2014	David Fincher	Color	Crime|Drama|Mystery|Thriller	149
The Prince of Egypt	United States	English	1998	Brenda Chapman	Color	Adventure|Animation|Biography|Drama|Family|Fantasy|Musical	99
The Italian Job	United States	English	2003	F. Gary Gray	Color	Action|Crime|Thriller	111
Days of Thunder	United States	English	1990	Tony Scott	Color	Action|Drama|Sport	107
The Family Man	United States	English	2000	Brett Ratner	Color	Comedy|Drama|Fantasy|Romance	125
Collateral	United States	English	2004	Michael Mann	Color	Crime|Drama|Thriller	120
Deep Blue Sea	United States	English	1999	Renny Harlin	Color	Action|Sci-Fi|Thriller	105
Coraline	United States	English	2009	Henry Selick	Black and White	Animation|Family|Fantasy	100
Starsky & Hutch	United States	English	2004	Todd Phillips	Color	Comedy|Crime	101
ParaNorman	United States	English	2012	Chris Butler	Color	Adventure|Animation|Comedy|Family|Fantasy	92
The Tuxedo	United States	English	2002	Kevin Donovan	Color	Action|Comedy|Sci-Fi	98
Alien: Resurrection	United States	English	1997	Jean-Pierre Jeunet	Color	Action|Horror|Sci-Fi	116
The Lego Movie	Australia	English	2014	Phil Lord	Color	Action|Adventure|Animation|Comedy|Family|Fantasy	100
Year One	United States	English	2009	Harold Ramis	Color	Adventure|Comedy	100
My Favorite Martian	United States	English	1999	Donald Petrie	Color	Comedy|Family|Sci-Fi	94
Intolerable Cruelty	United States	English	2003	Joel Coen	Color	Comedy|Crime|Romance	100
Mercury Rising	United States	English	1998	Harold Becker	Color	Action|Crime|Drama|Thriller	111
Priest	United States	English	2011	Scott Stewart	Color	Action|Fantasy|Horror|Sci-Fi|Thriller	87
The Black Dahlia	Germany	English	2006	Brian De Palma	Color	Crime|Drama|Mystery|Thriller	121
The Mortal Instruments: City of Bones	United States	English	2013	Harald Zwart	Color	Fantasy|Horror|Mystery|Romance	130
Inkheart	Germany	English	2008	Iain Softley	Color	Adventure|Family|Fantasy	106
Xi you ji zhi: Sun Wukong san da Baigu Jing	China	English	2016	Pou-Soi Cheang	Color	Action|Adventure|Fantasy	119
American Sniper	United States	English	2014	Clint Eastwood	Color	Action|Biography|Drama|History|Thriller|War	133
Rambo III	United States	English	1988	Peter MacDonald	Color	Action|Adventure|Thriller|War	87
The Internship	United States	English	2013	Shawn Levy	Color	Comedy	125
That's My Boy	United States	English	2012	Sean Anders	Color	Comedy	116
The Pacifier	Canada	English	2005	Adam Shankman	Color	Action|Comedy|Drama|Family|Thriller	95
Meet the Parents	United States	English	2000	Jay Roach	Color	Comedy	108
Hitch	United States	English	2005	Andy Tennant	Color	Comedy|Romance	118
Date Night	United States	English	2010	Shawn Levy	Color	Comedy|Crime|Romance|Thriller	101
Crimson Tide	United States	English	1995	Tony Scott	Color	Action|Drama|Thriller|War	123
City of Angels	Germany	English	1998	Brad Silberling	Color	Drama|Fantasy|Romance	114
Tango & Cash	United States	English	1989	Andrey Konchalovskiy	Color	Action|Comedy|Crime|Thriller	97
Mr. Popper's Penguins	United States	English	2011	Mark Waters	Color	Comedy|Family|Fantasy	94
Evita	United States	English	1996	Alan Parker	Color	Biography|Drama|History|Musical	135
Instinct	United States	English	1999	Jon Turteltaub	Color	Drama|Thriller	126
Chain Reaction	United States	English	1996	Andrew Davis	Color	Action|Drama|Sci-Fi|Thriller	107
Turbulence	United States	English	1997	Robert Butler	Color	Action|Thriller	100
A Very Long Engagement	France	French	2004	Jean-Pierre Jeunet	Color	Drama|Mystery|Romance|War	133
Bullet to the Head	United States	English	2012	Walter Hill	Color	Action|Thriller	92
Superman II	United States	English	1980	Richard Lester	Color	Action|Adventure|Romance|Sci-Fi	116
Anastasia	United States	English	1997	Don Bluth	Color	Adventure|Animation|Drama|Family|Fantasy|Musical|Mystery|Romance	94
Flags of Our Fathers	United States	English	2006	Clint Eastwood	Color	Drama|History|War	135
Lucky You	United States	English	2007	Curtis Hanson	Color	Drama|Romance|Sport	124
Mamma Mia!	United States	English	2008	Phyllida Lloyd	Color	Comedy|Family|Musical|Romance	108
The Change-Up	United States	English	2011	David Dobkin	Color	Comedy|Fantasy	118
Me, Myself & Irene	United States	English	2000	Bobby Farrelly	Color	Comedy	116
Shrek	United States	English	2001	Andrew Adamson	Color	Adventure|Animation|Comedy|Family|Fantasy	90
Ted	United States	English	2012	Seth MacFarlane	Color	Comedy|Fantasy	112
Mr. Deeds	United States	English	2002	Steven Brill	Color	Comedy|Romance	96
22 Jump Street	United States	English	2014	Phil Lord	Color	Action|Comedy|Crime	112
Stepmom	United States	English	1998	Chris Columbus	Color	Comedy|Drama	124
Payback	United States	English	1999	Brian Helgeland	Color	Action|Crime|Drama|Thriller	90
Failure to Launch	United States	English	2006	Tom Dey	Color	Comedy|Romance	95
Christmas with the Kranks	United States	English	2004	Joe Roth	Color	Comedy|Family	99
V for Vendetta	United States	English	2005	James McTeigue	Color	Action|Drama|Thriller	132
Don't Say a Word	United States	English	2001	Gary Fleder	Color	Crime|Drama|Mystery|Thriller	113
Syriana	United States	English	2005	Stephen Gaghan	Color	Drama|Thriller	128
Absolute Power	United States	English	1997	Clint Eastwood	Color	Action|Crime|Drama|Thriller	121
The Replacements	United States	English	2000	Howard Deutch	Color	Comedy|Sport	118
Beverly Hills Cop III	United States	English	1994	John Landis	Color	Action|Comedy|Crime|Thriller	104
Resident Evil: Apocalypse	Germany	English	2004	Alexander Witt	Color	Action|Horror|Sci-Fi|Thriller	98
The Beach	United States	English	2000	Danny Boyle	Color	Adventure|Drama|Thriller	119
Striptease	United States	English	1996	Andrew Bergman	Color	Comedy|Crime|Drama|Thriller	117
Assassins	France	English	1995	Richard Donner	Black and White	Action|Crime|Thriller	132
Blood Work	United States	English	2002	Clint Eastwood	Color	Action|Crime|Drama|Mystery|Thriller	110
The Life Aquatic with Steve Zissou	United States	English	2004	Wes Anderson	Color	Adventure|Comedy|Drama	119
Run All Night	United States	English	2015	Jaume Collet-Serra	Color	Action|Crime|Drama|Thriller	114
Your Highness	United States	English	2011	David Gordon Green	Color	Adventure|Comedy|Fantasy	102
The Scarlet Letter	United States	English	1995	Roland Joffé	Color	Drama|Romance	135
Gamer	United States	English	2009	Mark Neveldine	Color	Action|Sci-Fi|Thriller	95
What Planet Are You From?	United States	English	2000	Mike Nichols	Color	Comedy|Sci-Fi	87
The Adventures of Ford Fairlane	United States	English	1990	Renny Harlin	Color	Action|Adventure|Comedy|Crime|Music|Mystery	104
The Bone Collector	United States	English	1999	Phillip Noyce	Color	Crime|Drama|Mystery|Thriller	118
Child 44	Czech Republic	English	2015	Daniel Espinosa	Color	Crime|Drama|Thriller	137
Bedazzled	United States	English	2000	Harold Ramis	Color	Comedy|Fantasy|Romance	93
Out of Sight	United States	English	1998	Steven Soderbergh	Color	Crime|Drama|Romance|Thriller	123
The Thomas Crown Affair	United States	English	1999	John McTiernan	Color	Crime|Romance|Thriller	113
Mary Reilly	United States	English	1996	Stephen Frears	Color	Drama|Horror|Romance|Thriller	108
Star Trek: First Contact	United States	English	1996	Jonathan Frakes	Color	Action|Adventure|Drama|Sci-Fi|Thriller	111
Inchon	South Korea	English	1981	Terence Young	Color	Drama|History|War	140
Miss Congeniality	United States	English	2000	Donald Petrie	Color	Action|Comedy|Crime|Romance	109
The Client	United States	English	1994	Joel Schumacher	Color	Crime|Drama|Mystery|Thriller	119
Prisoners	United States	English	2013	Denis Villeneuve	Color	Crime|Drama|Mystery|Thriller	153
The Muppets	United States	English	2011	James Bobin	Color	Adventure|Comedy|Family|Musical	103
Anaconda	United States	English	1997	Luis Llosa	Color	Action|Adventure|Horror|Thriller	89
The Specialist	Peru	English	1994	Luis Llosa	Color	Action|Crime|Drama|Romance|Thriller	110
The Hitchhiker's Guide to the Galaxy	United States	English	2005	Garth Jennings	Color	Adventure|Comedy|Sci-Fi	109
Last Holiday	United States	English	2006	Wayne Wang	Color	Adventure|Comedy|Drama	112
Cellular	United States	English	2004	David R. Ellis	Color	Action|Crime|Thriller	94
Revolutionary Road	United States	English	2008	Sam Mendes	Color	Drama|Romance	119
Multiplicity	United States	English	1996	Harold Ramis	Color	Comedy|Romance|Sci-Fi	117
The Phantom	Australia	English	1996	Simon Wincer	Color	Action|Adventure|Comedy|Fantasy	100
Deep Rising	United States	English	1998	Stephen Sommers	Color	Action|Adventure|Horror|Sci-Fi	106
Big Trouble	United States	English	2002	Barry Sonnenfeld	Color	Comedy|Crime|Thriller	74
Foodfight!	United States	English	2012	Lawrence Kasanoff	Color	Action|Animation|Comedy|Family|Fantasy	91
Sleepers	United States	English	1996	Barry Levinson	Black and White	Crime|Drama|Thriller	147
Heaven's Gate	United States	English	1980	Michael Cimino	Color	Adventure|Drama|Western	325
28 Days	United States	English	2000	Betty Thomas	Color	Comedy|Drama	103
Charlie St. Cloud	United States	English	2010	Burr Steers	Color	Drama|Fantasy|Romance	99
Boomerang	United States	English	1992	Reginald Hudlin	Color	Comedy|Drama|Romance	117
The Mirror Has Two Faces	United States	English	1996	Barbra Streisand	Color	Comedy|Drama|Romance	122
15 Minutes	United States	English	2001	John Herzfeld	Color	Action|Crime|Drama|Thriller	120
The Interview	United States	English	2014	Evan Goldberg	Color	Comedy	112
Animal Kingdom: Let's go Ape	France	French	2015	Jamel Debbouze	Color	Adventure|Animation|Comedy|Family	101
Man on a Ledge	United States	English	2012	Asger Leth	Color	Action|Crime|Thriller	102
The Proposal	United States	English	2009	Anne Fletcher	Color	Comedy|Drama|Romance	108
Fifty Shades of Grey	United States	English	2015	Sam Taylor-Johnson	Color	Drama|Romance	129
Lone Survivor	United States	English	2013	Peter Berg	Color	Action|Biography|Drama|Thriller|War	121
He's Just Not That Into You	United States	English	2009	Ken Kwapis	Color	Comedy|Drama|Romance	129
Get Hard	United States	English	2015	Etan Cohen	Color	Comedy|Crime	107
The Talented Mr. Ripley	United States	English	1999	Anthony Minghella	Color	Crime|Drama|Thriller	139
Ride Along 2	United States	English	2016	Tim Story	Color	Action|Comedy	102
Vantage Point	United States	English	2008	Pete Travis	Color	Crime|Drama|Mystery|Thriller	90
Big Momma's House 2	United States	English	2006	John Whitesell	Color	Comedy|Crime	99
The Other Woman	United States	English	2014	Nick Cassavetes	Color	Comedy|Romance	109
Get Him to the Greek	United States	English	2010	Nicholas Stoller	Color	Comedy|Music	114
The Lincoln Lawyer	United States	English	2011	Brad Furman	Color	Crime|Drama|Thriller	118
Apocalypto	United States	Maya	2006	Mel Gibson	Color	Action|Adventure|Drama|Thriller	139
The Lake House	United States	English	2006	Alejandro Agresti	Color	Drama|Fantasy|Romance	99
Jersey Boys	United States	English	2014	Clint Eastwood	Color	Biography|Drama|Music|Musical	134
Medicine Man	United States	English	1992	John McTiernan	Color	Adventure|Drama|Romance	106
Music and Lyrics	United States	English	2007	Marc Lawrence	Color	Comedy|Music|Romance	95
8MM	Germany	English	1999	Joel Schumacher	Color	Mystery|Thriller	123
Final Destination 5	United States	English	2011	Steven Quale	Color	Horror	92
A Million Ways to Die in the West	United States	English	2014	Seth MacFarlane	Color	Comedy|Western	136
Get Rich or Die Tryin'	United States	English	2005	Jim Sheridan	Color	Biography|Crime|Drama|Music	117
The Out-of-Towners	United States	English	1999	Sam Weisman	Color	Comedy	90
The Reaping	United States	English	2007	Stephen Hopkins	Color	Horror|Thriller	99
The Magic Sword: Quest for Camelot	United States	English	1998	Frederik Du Chau	Color	Adventure|Animation|Comedy|Drama|Family|Fantasy|Musical	86
City Hall	United States	English	1996	Harold Becker	Color	Drama|Thriller	111
Get Carter	United States	English	2000	Stephen Kay	Color	Action|Crime|Drama|Thriller	102
Life or Something Like It	United States	English	2002	Stephen Herek	Color	Comedy|Romance	103
Big Miracle	United States	English	2012	Ken Kwapis	Color	Biography|Drama|Romance	107
Duplex	United States	English	2003	Danny DeVito	Color	Comedy	89
Impostor	United States	English	2001	Gary Fleder	Color	Drama|Mystery|Sci-Fi|Thriller	102
The Gunman	United States	English	2015	Pierre Morel	Color	Action|Crime|Drama|Mystery|Thriller	115
The Hunting Party	United States	English	2007	Richard Shepard	Color	Adventure|Comedy|Drama|Romance|Thriller|War	101
A Monster in Paris	France	French	2011	Bibo Bergeron	Color	Adventure|Animation|Comedy|Fantasy|Music|Romance	90
The Time Traveler's Wife	United States	English	2009	Robert Schwentke	Color	Drama|Fantasy|Romance|Sci-Fi	107
Serenity	United States	English	2005	Joss Whedon	Color	Action|Adventure|Sci-Fi|Thriller	119
Sweet Home Alabama	United States	English	2002	Andy Tennant	Color	Comedy|Romance	108
Star Trek: Generations	United States	English	1994	David Carson	Color	Action|Adventure|Mystery|Sci-Fi|Thriller	118
The Hurricane	United States	English	1999	Norman Jewison	Black and White	Biography|Drama|Sport	146
Angel Eyes	United States	English	2001	Luis Mandoki	Color	Drama|Romance	102
Rock Star	United States	English	2001	Stephen Herek	Color	Drama|Music	105
Riddick	United States	English	2013	David Twohy	Color	Action|Sci-Fi|Thriller	127
The Master	United States	English	2012	Paul Thomas Anderson	Color	Drama	144
Creed	United States	English	2015	Ryan Coogler	Color	Drama|Sport	133
Nim's Island	United States	English	2008	Jennifer Flackett	Color	Adventure|Comedy|Family|Fantasy	96
Dolphin Tale	United States	English	2011	Charles Martin Smith	Color	Drama|Family	113
We're the Millers	United States	English	2013	Rawson Marshall Thurber	Color	Comedy|Crime	118
Dolphin Tale 2	United States	English	2014	Charles Martin Smith	Color	Drama|Family	107
Ghosts of Mississippi	United States	English	1996	Rob Reiner	Color	Drama|History	130
Isn't She Great	United States	English	2000	Andrew Bergman	Color	Biography|Comedy|Romance	95
Ip Man 3	Hong Kong	Cantonese	2015	Wilson Yip	Color	Action|Biography|Drama|History	105
Lethal Weapon 3	United States	English	1992	Richard Donner	Color	Action|Crime|Thriller	121
True Grit	United States	English	2010	Ethan Coen	Color	Adventure|Drama|Western	110
Cape Fear	United States	English	1991	Martin Scorsese	Color	Crime|Thriller	128
The English Patient	United States	English	1996	Anthony Minghella	Color	Drama|Romance|War	162
Species	United States	English	1995	Roger Donaldson	Color	Action|Horror|Sci-Fi|Thriller	108
Secretariat	United States	English	2010	Randall Wallace	Color	Biography|Drama|Family|History|Sport	123
Neighbors 2: Sorority Rising	United States	English	2016	Nicholas Stoller	Color	Comedy	92
Old Dogs	United States	English	2009	Walt Becker	Color	Comedy|Family	88
Must Love Dogs	United States	English	2005	Gary David Goldberg	Color	Comedy|Romance	98
Max Payne	Canada	English	2008	John Moore	Color	Action|Crime|Drama|Mystery|Thriller	103
Black Knight	United States	English	2001	Gil Junger	Color	Adventure|Comedy|Fantasy	95
From Hell	United States	English	2001	Albert Hughes	Color	Horror|Mystery|Thriller	122
J. Edgar	United States	English	2011	Clint Eastwood	Color	Biography|Crime|Drama	137
Untraceable	United States	English	2008	Gregory Hoblit	Color	Crime|Drama|Thriller	101
Midnight in the Garden of Good and Evil	United States	English	1997	Clint Eastwood	Color	Crime|Drama|Mystery|Thriller	155
Ella Enchanted	United States	English	2004	Tommy O'Haver	Color	Comedy|Family|Fantasy|Romance	96
Broken City	United States	English	2013	Allen Hughes	Color	Crime|Drama|Thriller	109
Parker	United States	English	2013	Taylor Hackford	Color	Action|Crime|Romance|Thriller	118
Flight of the Intruder	United States	English	1991	John Milius	Color	Action|Drama|Thriller|War	115
Whiteout	United States	English	2009	Dominic Sena	Color	Action|Crime|Mystery|Thriller	101
The Order	United States	English	2003	Brian Helgeland	Color	Action|Mystery|Thriller	102
Warriors of Virtue	United States	English	1997	Ronny Yu	Color	Action|Adventure|Fantasy	101
Smilla's Sense of Snow	Denmark	English	1997	Bille August	Color	Action|Drama|Sci-Fi|Thriller	121
Ride with the Devil	United States	English	1999	Ang Lee	Color	Drama|Romance|War|Western	148
The Maze Runner	United States	English	2014	Wes Ball	Color	Action|Mystery|Sci-Fi|Thriller	113
Chill Factor	United States	English	1999	Hugh Johnson	Color	Action|Adventure|Comedy|Drama|Thriller	102
The Astronaut's Wife	United States	English	1999	Rand Ravich	Color	Drama|Sci-Fi|Thriller	109
A Few Good Men	United States	English	1992	Rob Reiner	Color	Drama|Thriller	138
The Darkest Hour	United States	English	2011	Chris Gorak	Color	Action|Adventure|Horror|Sci-Fi|Thriller	89
The Punisher	United States	English	2004	Jonathan Hensleigh	Color	Action|Crime|Drama|Thriller	140
Star Wars: Episode VI - Return of the Jedi	United States	English	1983	Richard Marquand	Color	Action|Adventure|Fantasy|Sci-Fi	134
Phenomenon	United States	English	1996	Jon Turteltaub	Color	Drama|Fantasy|Romance|Sci-Fi	123
Bridesmaids	United States	English	2011	Paul Feig	Color	Comedy|Romance	131
Takers	United States	English	2010	John Luessenhop	Color	Action|Crime|Thriller	107
Alive	United States	English	1993	Frank Marshall	Color	Adventure|Biography|Drama|Thriller	120
Dreamer: Inspired by a True Story	United States	English	2005	John Gatins	Color	Drama|Family|Sport	98
Laws of Attraction	Ireland	English	2004	Peter Howitt	Color	Comedy|Romance	90
Bogus	United States	English	1996	Norman Jewison	Color	Comedy|Family|Fantasy	110
The Good German	United States	English	2006	Steven Soderbergh	Black and White	Drama|Mystery|Thriller	105
Mr. Holland's Opus	United States	English	1995	Stephen Herek	Color	Drama|Music	143
Hearts in Atlantis	United States	English	2001	Scott Hicks	Color	Drama|Mystery	101
Vacation	United States	English	2015	John Francis Daley	Color	Adventure|Comedy	99
American Pie 2	United States	English	2001	J.B. Rogers	Color	Comedy	108
Extraordinary Measures	United States	English	2010	Tom Vaughan	Color	Drama	106
Dodgeball: A True Underdog Story	United States	English	2004	Rawson Marshall Thurber	Black and White	Comedy|Sport	92
The First Wives Club	United States	English	1996	Hugh Wilson	Color	Comedy	103
Mystic River	United States	English	2003	Clint Eastwood	Color	Crime|Drama|Mystery|Thriller	138
27 Dresses	United States	English	2008	Anne Fletcher	Color	Comedy|Romance	111
Legends of the Fall	United States	English	1994	Edward Zwick	Color	Drama|Romance|War|Western	133
Looper	United States	English	2012	Rian Johnson	Color	Action|Crime|Drama|Sci-Fi|Thriller	119
Forgetting Sarah Marshall	United States	English	2008	Nicholas Stoller	Color	Comedy|Drama|Romance	118
Bride Wars	United States	English	2009	Gary Winick	Color	Comedy|Romance	89
The Nut Job	Canada	English	2014	Peter Lepeniotis	Color	Adventure|Animation|Comedy|Family	85
Like Mike	United States	English	2002	John Schultz	Color	Comedy|Family|Fantasy|Sport	99
Letters to Juliet	United States	English	2010	Gary Winick	Color	Comedy|Drama|Romance	105
Glory Road	United States	English	2006	James Gartner	Color	Biography|Drama|Sport	118
The Age of Adaline	United States	English	2015	Lee Toland Krieger	Color	Drama|Fantasy|Romance	112
Stranger Than Fiction	United States	English	2006	Marc Forster	Color	Comedy|Drama|Fantasy|Romance	113
Midnight Run	United States	English	1988	Martin Brest	Color	Action|Comedy|Crime|Thriller	126
Mortal Kombat: Annihilation	United States	English	1997	John R. Leonetti	Color	Action|Adventure|Fantasy|Sci-Fi|Thriller	95
Gridiron Gang	United States	English	2006	Phil Joanou	Color	Crime|Drama|Sport	125
The Prince and Me	United States	English	2004	Martha Coolidge	Color	Comedy|Family|Romance	111
Get on Up	United States	English	2014	Tate Taylor	Color	Biography|Drama|Music	139
Deliver Us from Evil	United States	English	2014	Scott Derrickson	Color	Horror|Mystery|Thriller	118
Mr 3000	United States	English	2004	Charles Stone III	Color	Comedy|Drama|Romance|Sport	104
The Replacement Killers	United States	English	1998	Antoine Fuqua	Color	Action|Crime|Thriller	96
88 Minutes	United States	English	2007	Jon Avnet	Color	Crime|Drama|Mystery|Thriller	108
Howard the Duck	United States	English	1986	Willard Huyck	Color	Action|Adventure|Comedy|Romance|Sci-Fi	110
Wicker Park	United States	English	2004	Paul McGuigan	Color	Drama|Mystery|Romance|Thriller	114
In Dreams	United States	English	1999	Neil Jordan	Color	Drama|Fantasy|Thriller	100
Chasing Liberty	United States	English	2004	Andy Cadiff	Color	Comedy|Romance	101
Runner Runner	United States	English	2013	Brad Furman	Color	Crime|Thriller	88
Dead Man Down	United States	English	2013	Niels Arden Oplev	Color	Action|Crime|Drama|Thriller	118
The Promise	China	Mandarin	2005	Kaige Chen	Color	Action|Drama|Fantasy	103
Little Nicholas	France	French	2009	Laurent Tirard	Color	Comedy|Family	91
The Color of Freedom	Germany	English	2007	Bille August	Color	Biography|Drama|History	118
Ripley's Game	Italy	English	2002	Liliana Cavani	Color	Crime|Drama|Mystery|Thriller	110
Keeping the Faith	United States	English	2000	Edward Norton	Color	Comedy|Drama|Romance	128
The Boss	United States	English	2016	Ben Falcone	Color	Comedy	99
Aladdin	United States	English	1992	Ron Clements	Color	Adventure|Animation|Comedy|Family|Fantasy|Musical|Romance	90
Along Came a Spider	United States	English	2001	Lee Tamahori	Color	Crime|Drama|Thriller	104
The Big Short	United States	English	2015	Adam McKay	Color	Biography|Comedy|Drama|History	130
The Wedding Planner	Germany	English	2001	Adam Shankman	Color	Comedy|Romance	103
Last Vegas	United States	English	2013	Jon Turteltaub	Color	Comedy|Romance	105
Safe Haven	United States	English	2013	Lasse Hallström	Color	Drama|Romance|Thriller	115
Dracula 2000	United States	English	2000	Patrick Lussier	Color	Action|Fantasy|Horror|Thriller	99
Rob Roy	United States	English	1995	Michael Caton-Jones	Color	Adventure|Biography	139
Winged Migration	France	English	2001	Jacques Perrin	Color	Documentary	81
A Simple Wish	United States	English	1997	Michael Ritchie	Color	Comedy|Family|Fantasy	89
Kundun	United States	English	1997	Martin Scorsese	Color	Biography|Drama|History|War	134
Knocked Up	United States	English	2007	Judd Apatow	Color	Comedy|Romance	133
Star Trek VI: The Undiscovered Country	United States	English	1991	Nicholas Meyer	Color	Action|Adventure|Sci-Fi|Thriller	110
The Sisterhood of the Traveling Pants 2	United States	English	2008	Sanaa Hamri	Color	Comedy|Drama|Family|Romance	119
The Right Stuff	United States	English	1983	Philip Kaufman	Color	Adventure|Drama|History	193
Suspect Zero	United States	English	2004	E. Elias Merhige	Color	Crime|Drama|Mystery|Thriller	99
Flawless	United States	English	1999	Joel Schumacher	Color	Comedy|Crime|Drama	112
The Magic Flute	France	English	2006	Kenneth Branagh	Color	Drama|Musical|Romance	135
Shakespeare in Love	United States	English	1998	John Madden	Color	Comedy|Drama|Romance	123
Ever After: A Cinderella Story	United States	English	1998	Andy Tennant	Color	Comedy|Drama|Romance	121
Red Eye	United States	English	2005	Wes Craven	Color	Mystery|Thriller	85
In Good Company	United States	English	2004	Paul Weitz	Color	Comedy|Drama|Romance	109
Agent Cody Banks 2: Destination London	United States	English	2004	Kevin Allen	Color	Action|Adventure|Comedy|Family|Romance|Sci-Fi	100
Welcome to Mooseport	United States	English	2004	Donald Petrie	Color	Comedy|Romance	110
The Curse of the Jade Scorpion	United States	English	2001	Woody Allen	Color	Comedy|Crime|Mystery|Romance	103
The Passion of the Christ	United States	Aramaic	2004	Mel Gibson	Color	Drama	120
W.	United States	English	2008	Oliver Stone	Color	Biography|Drama|History	129
Schindler's List	United States	English	1993	Steven Spielberg	Black and White	Biography|Drama|History	185
Viy	Russia	Russian	2014	Oleg Stepchenko	Color	Adventure|Fantasy|Mystery|Thriller	107
Teenage Mutant Ninja Turtles II: The Secret of the Ooze	United States	English	1991	Michael Pressman	Color	Action|Adventure|Comedy|Family|Sci-Fi	88
Legally Blonde 2: Red, White & Blonde	United States	English	2003	Charles Herman-Wurmfeld	Color	Comedy	95
Romeo Must Die	United States	English	2000	Andrzej Bartkowiak	Color	Action|Crime|Thriller	115
Finding Neverland	United States	English	2004	Marc Forster	Color	Biography|Drama|Family	101
Anchorman: The Legend of Ron Burgundy	United States	English	2004	Adam McKay	Color	Comedy	98
Scarface	United States	English	1983	Brian De Palma	Color	Crime|Drama	142
Money Talks	United States	English	1997	Brett Ratner	Color	Action|Comedy|Crime|Thriller	97
Undercover Brother	United States	English	2002	Malcolm D. Lee	Color	Action|Comedy	86
Beauty Shop	United States	English	2005	Bille Woodruff	Color	Comedy	105
Jeepers Creepers II	United States	English	2003	Victor Salva	Color	Horror	104
She's the Man	United States	English	2006	Andy Fickman	Color	Comedy|Romance	105
Bride of Chucky	Canada	English	1998	Ronny Yu	Color	Comedy|Fantasy|Horror|Romance	89
The Shawshank Redemption	United States	English	1994	Frank Darabont	Color	Crime|Drama	142
August: Osage County	United States	English	2013	John Wells	Color	Drama	121
Don Juan DeMarco	United States	English	1994	Jeremy Leven	Color	Comedy|Drama|Romance	97
Punch-Drunk Love	United States	English	2002	Paul Thomas Anderson	Color	Comedy|Drama|Romance|Thriller	95
Bright Lights, Big City	United States	English	1988	James Bridges	Color	Drama	107
The Next Best Thing	United States	English	2000	John Schlesinger	Color	Comedy|Drama|Romance	99
Stealing Harvard	United States	English	2002	Bruce McCulloch	Color	Comedy|Crime	85
Draft Day	United States	English	2014	Ivan Reitman	Color	Drama|Sport	110
Big Trouble in Little China	United States	English	1986	John Carpenter	Color	Action|Adventure|Comedy|Fantasy	99
Stop-Loss	United States	English	2008	Kimberly Peirce	Color	Drama|War	112
Mrs. Winterbourne	United States	English	1996	Richard Benjamin	Color	Comedy|Drama|Romance	105
The Road	United States	English	2009	John Hillcoat	Color	Adventure|Drama	111
Snakes on a Plane	Germany	English	2006	David R. Ellis	Color	Action|Adventure|Crime|Drama|Thriller	105
BloodRayne	United States	English	2005	Uwe Boll	Color	Action|Adventure|Fantasy|Horror	92
Without Limits	United States	English	1998	Robert Towne	Color	Biography|Drama|Sport	117
Little White Lies	France	French	2010	Guillaume Canet	Color	Comedy|Drama	134
The Counselor	United States	English	2013	Ridley Scott	Color	Crime|Drama|Thriller	138
On the Road	France	English	2012	Walter Salles	Color	Adventure|Drama	137
Scream 2	United States	English	1997	Wes Craven	Color	Horror|Mystery	120
Footloose	United States	English	1984	Herbert Ross	Color	Drama|Music|Romance	107
Return to Me	United States	English	2000	Bonnie Hunt	Color	Comedy|Drama|Romance	115
Double Take	United States	English	2001	George Gallo	Color	Action|Comedy|Crime|Thriller	88
The Wiz	United States	English	1978	Sidney Lumet	Color	Adventure|Family|Fantasy|Music|Musical	118
Piranha 3D	United States	English	2010	Alexandre Aja	Color	Comedy|Horror	88
Howl's Moving Castle	Japan	Japanese	2004	Hayao Miyazaki	Color	Adventure|Animation|Family|Fantasy	119
Star Wars: Episode V - The Empire Strikes Back	United States	English	1980	Irvin Kershner	Color	Action|Adventure|Fantasy|Sci-Fi	127
The Ides of March	United States	English	2011	George Clooney	Color	Drama	101
Joy Ride	United States	English	2001	John Dahl	Color	Mystery|Thriller	97
Haywire	Ireland	English	2011	Steven Soderbergh	Color	Action|Thriller	93
Harley Davidson and the Marlboro Man	United States	English	1991	Simon Wincer	Color	Action|Crime|Drama|Thriller|Western	98
Vanity Fair	United States	English	2004	Mira Nair	Color	Drama	141
The Water Diviner	Australia	English	2014	Russell Crowe	Color	Drama|War	111
The Rookie	United States	English	2002	John Lee Hancock	Color	Drama|Family|Sport	127
The Hundred-Foot Journey	United States	English	2014	Lasse Hallström	Color	Comedy|Drama	122
Derailed	United States	English	2005	Mikael Håfström	Color	Drama|Thriller	112
Victor Frankenstein	United States	English	2015	Paul McGuigan	Color	Drama|Horror|Sci-Fi|Thriller	110
Jay and Silent Bob Strike Back	United States	English	2001	Kevin Smith	Color	Comedy	104
Homefront	United States	English	2013	Gary Fleder	Color	Action|Crime|Drama|Thriller	100
Megiddo: The Omega Code 2	United States	English	2001	Brian Trenchard-Smith	Color	Action|Adventure|Fantasy|Sci-Fi|Thriller	104
Black Book	Netherlands	Dutch	2006	Paul Verhoeven	Color	Drama|Thriller|War	145
Sorcerer	United States	English	1977	William Friedkin	Color	Adventure|Drama|Thriller	92
Michael Clayton	United States	English	2007	Tony Gilroy	Color	Crime|Drama|Mystery|Thriller	119
To Rome with Love	United States	English	2012	Woody Allen	Color	Comedy|Romance	112
Teenage Mutant Ninja Turtles III	United States	English	1993	Stuart Gillard	Color	Action|Adventure|Comedy|Family|Fantasy|Sci-Fi	96
For Colored Girls	United States	English	2010	Tyler Perry	Color	Drama	133
Away We Go	United States	English	2009	Sam Mendes	Color	Comedy|Drama|Romance	98
Molly	United States	English	1999	John Duigan	Color	Comedy|Drama|Romance	102
Raiders of the Lost Ark	United States	English	1981	Steven Spielberg	Color	Action|Adventure	115
Beverly Hills Cop II	United States	English	1987	Tony Scott	Color	Action|Comedy|Crime|Thriller	100
Jackass 3D	United States	English	2010	Jeff Tremaine	Color	Action|Comedy|Documentary	101
Are We There Yet?	United States	English	2005	Brian Levant	Color	Adventure|Comedy|Family|Romance	95
Mortal Kombat	United States	English	1995	Paul W.S. Anderson	Color	Action|Adventure|Fantasy|Sci-Fi|Thriller	101
Holes	United States	English	2003	Andrew Davis	Black and White	Adventure|Comedy|Drama|Family|Mystery	117
Why Did I Get Married Too?	United States	English	2010	Tyler Perry	Color	Comedy|Drama|Romance	121
Bad Moms	United States	English	2016	Jon Lucas	Color	Comedy	100
Boogeyman	United States	English	2005	Stephen Kay	Color	Drama|Horror|Mystery|Thriller	89
Max	United States	English	2015	Boaz Yakin	Color	Adventure|Family	111
Lakeview Terrace	United States	English	2008	Neil LaBute	Color	Crime|Drama|Thriller	110
Man of the Year	United States	English	2006	Barry Levinson	Color	Comedy|Drama|Romance|Thriller	115
Vampires Suck	United States	English	2010	Jason Friedberg	Color	Comedy	82
Team America: World Police	United States	English	2004	Trey Parker	Color	Action|Comedy	98
Paint Your Wagon	United States	English	1969	Joshua Logan	Color	Comedy|Drama|Musical|Romance|Western	158
A Very Harold & Kumar 3D Christmas	United States	English	2011	Todd Strauss-Schulson	Color	Adventure|Comedy	90
One Missed Call	Japan	English	2008	Eric Valette	Color	Horror|Mystery	87
Street Kings	United States	English	2008	David Ayer	Color	Action|Crime|Drama|Thriller	109
Monte Carlo	Hungary	English	2011	Thomas Bezucha	Color	Adventure|Comedy|Family|Romance	109
The Covenant	United States	English	2006	Renny Harlin	Color	Action|Fantasy|Horror|Thriller	97
Nerve	United States	English	2016	Henry Joost	Color	Adventure|Crime|Mystery|Sci-Fi|Thriller	96
My Best Friend's Girl	United States	English	2008	Howard Deutch	Color	Comedy|Romance	112
Ladyhawke	United States	English	1985	Richard Donner	Color	Adventure|Comedy|Drama|Fantasy	121
School for Scoundrels	United States	English	2006	Todd Phillips	Color	Comedy	108
Home for the Holidays	United States	English	1995	Jodie Foster	Color	Comedy|Drama|Romance	103
21 Grams	United States	English	2003	Alejandro G. Iñárritu	Color	Drama	124
Loser	United States	English	2000	Amy Heckerling	Color	Comedy|Romance	98
Disaster Movie	United States	English	2008	Jason Friedberg	Color	Comedy	88
Lockout	France	English	2012	James Mather	Color	Action|Adventure|Sci-Fi|Thriller	95
One Night with the King	United States	English	2006	Michael O. Sajbel	Color	Biography|Drama|History	123
12 Rounds	United States	English	2009	Renny Harlin	Color	Action|Crime|Thriller	108
Three to Tango	Australia	English	1999	Damon Santostefano	Color	Comedy|Romance	98
Death at a Funeral	United States	English	2007	Frank Oz	Color	Comedy	87
The Man	Germany	English	2005	Les Mayfield	Color	Action|Comedy|Crime	83
Inherent Vice	United States	English	2014	Paul Thomas Anderson	Color	Comedy|Crime|Drama|Mystery|Romance	148
Machete Kills	Russia	English	2013	Robert Rodriguez	Color	Action|Comedy|Crime|Thriller	107
A Scanner Darkly	United States	English	2006	Richard Linklater	Color	Animation|Drama|Mystery|Sci-Fi|Thriller	100
Birth	United States	English	2004	Jonathan Glazer	Color	Drama|Mystery|Romance|Thriller	100
I'm Not There.	United States	English	2007	Todd Haynes	Black and White	Biography|Drama|Music	135
Princess Mononoke	Japan	Japanese	1997	Hayao Miyazaki	Color	Adventure|Animation|Fantasy	134
Courage	United States	English	2015	Angelo Pizzo	Color	Biography|Drama|Sport	118
The Yards	United States	English	2000	James Gray	Color	Crime|Drama|Romance|Thriller	115
The Game of Their Lives	United States	English	2005	David Anspaugh	Color	Drama|History|Sport	101
Les couloirs du temps: Les visiteurs II	France	French	1998	Jean-Marie Poiré	Color	Comedy|Family|Fantasy|Sci-Fi	118
Regression	Spain	English	2015	Alejandro Amenábar	Color	Crime|Drama|Mystery|Thriller	106
Ramanujan	India	English	2014	Gnana Rajasekaran	Color	Biography|Drama|History	153
The Frozen Ground	United States	English	2013	Scott Walker	Color	Crime|Drama|Mystery|Thriller	105
Bad Teacher	United States	English	2011	Jake Kasdan	Color	Comedy	97
Thir13en Ghosts	United States	English	2001	Steve Beck	Color	Horror	91
I Can Do Bad All by Myself	United States	English	2009	Tyler Perry	Color	Comedy|Drama	113
The Devil's Double	Belgium	English	2011	Lee Tamahori	Color	Biography|Drama|Thriller	109
The Book Thief	United States	English	2013	Brian Percival	Color	Drama|War	131
Take Me Home Tonight	United States	English	2011	Michael Dowse	Color	Comedy|Drama|Romance	97
Indignation	United States	Hebrew	2016	James Schamus	Color	Drama	110
Out of Inferno	China	Chinese	2013	Danny Pang	Color	Action	107
The Mask	United States	English	1994	Chuck Russell	Color	Action|Comedy|Crime|Fantasy	114
Star Trek III: The Search for Spock	United States	English	1984	Leonard Nimoy	Color	Action|Adventure|Sci-Fi	105
The Family Stone	United States	English	2005	Thomas Bezucha	Color	Comedy|Drama|Romance	103
My Big Fat Greek Wedding 2	United States	English	2016	Kirk Jones	Color	Comedy|Family|Romance	94
Prom Night	United States	English	2008	Nelson McCormick	Color	Horror|Mystery	89
Birdman or (The Unexpected Virtue of Ignorance)	United States	English	2014	Alejandro G. Iñárritu	Color	Comedy|Drama|Romance	119
Glory	United States	English	1989	Edward Zwick	Color	Drama|History|War	122
Catch-22	United States	English	1970	Mike Nichols	Color	Comedy|Drama|War	122
Love Happens	United States	English	2009	Brandon Camp	Color	Drama|Romance	109
Small Time Crooks	United States	English	2000	Woody Allen	Color	Comedy|Crime	94
Life as a House	United States	English	2001	Irwin Winkler	Color	Drama	125
The Tailor of Panama	United States	English	2001	John Boorman	Color	Drama|Thriller	109
And So It Goes	United States	English	2014	Rob Reiner	Color	Comedy|Drama|Romance	94
Dragonslayer	United States	English	1981	Matthew Robbins	Color	Action|Adventure|Fantasy	108
Mongol: The Rise of Genghis Khan	Russia	Mongolian	2007	Sergey Bodrov	Color	Adventure|Biography|Drama|History|War	126
Anything Else	United States	English	2003	Woody Allen	Color	Comedy|Romance	108
The Wraith	United States	English	1986	Mike Marvin	Color	Action|Horror|Romance|Sci-Fi|Thriller	93
I Come with the Rain	France	English	2009	Tran Anh Hung	Color	Thriller	114
Renaissance	France	English	2006	Christian Volckman	Color	Action|Animation|Sci-Fi|Thriller	105
Superbad	United States	English	2007	Greg Mottola	Color	Comedy	119
Hoodwinked!	United States	English	2005	Cory Edwards	Color	Action|Animation|Comedy|Crime|Family	80
City of Ghosts	United States	English	2002	Matt Dillon	Color	Crime|Drama|Thriller	116
I Know What You Did Last Summer	United States	English	1997	Jim Gillespie	Color	Horror|Mystery|Thriller	99
Halloween	United States	English	1978	John Carpenter	Color	Horror|Thriller	101
Saw 3D: The Final Chapter	Canada	English	2010	Kevin Greutert	Color	Horror|Mystery	90
Beastly	United States	English	2011	Daniel Barnz	Color	Drama|Fantasy|Romance	86
Lottery Ticket	United States	English	2010	Erik White	Color	Comedy	99
They	United States	English	2002	Robert Harmon	Color	Horror|Mystery|Thriller	89
55 Days at Peking	United States	English	1963	Nicholas Ray	Color	Action|Adventure|Drama|History|War	154
How She Move	Canada	English	2007	Ian Iqbal Rashid	Color	Drama	94
Roar	United States	English	1981	Noel Marshall	Color	Adventure|Horror|Thriller	102
Dragon Hunters	France	French	2008	Guillaume Ivernel	Color	Adventure|Animation|Family|Fantasy	80
Fur: An Imaginary Portrait of Diane Arbus	United States	English	2006	Steven Shainberg	Color	Biography|Drama|Romance	122
Sydney White	United States	English	2007	Joe Nussbaum	Color	Comedy|Romance	108
When Harry Met Sally...	United States	English	1989	Rob Reiner	Color	Comedy|Drama|Romance	89
The Artist	France	English	2011	Michel Hazanavicius	Black and White	Comedy|Drama|Romance	100
The Young Messiah	United States	English	2016	Cyrus Nowrasteh	Color	Drama	111
Baby Boy	United States	English	2001	John Singleton	Black and White	Crime|Drama|Romance|Thriller	130
The Women	United States	English	2008	Diane English	Color	Comedy|Drama	114
Boys and Girls	United States	English	2000	Robert Iscove	Color	Comedy|Drama|Romance	94
Radio Days	United States	English	1987	Woody Allen	Color	Comedy	88
My Stepmother Is an Alien	United States	English	1988	Richard Benjamin	Color	Comedy|Romance|Sci-Fi	105
Meteor	United States	English	1979	Ronald Neame	Color	Action|Drama|Sci-Fi|Thriller	108
Things We Lost in the Fire	United States	English	2007	Susanne Bier	Color	Drama	118
Welcome to the Sticks	France	French	2008	Dany Boon	Color	Comedy|Romance	106
Zulu	France	English	2013	Jérôme Salle	Color	Crime|Drama|Thriller	110
Madison	United States	English	2001	William Bindley	Color	Drama|Sport	94
Beverly Hills Cop	United States	English	1984	Martin Brest	Color	Action|Comedy|Crime	105
Top Gun	United States	English	1986	Tony Scott	Color	Action|Drama|Romance	110
The Yellow Handkerchief	United States	English	2008	Udayan Prasad	Color	Drama|Romance	102
Private Benjamin	United States	English	1980	Howard Zieff	Color	Comedy|War	109
Halloween	United States	English	1978	John Carpenter	Color	Horror|Thriller	101
Why Did I Get Married?	United States	English	2007	Tyler Perry	Color	Comedy|Drama	113
Wag the Dog	United States	English	1997	Barry Levinson	Color	Comedy|Drama	97
The Faculty	United States	English	1998	Robert Rodriguez	Color	Horror|Mystery|Sci-Fi	104
End of Watch	United States	English	2012	David Ayer	Color	Crime|Drama|Thriller	109
Where the Heart Is	United States	English	2000	Matt Williams	Color	Comedy|Drama|Romance	120
The Wedding Date	United States	English	2005	Clare Kilner	Color	Comedy|Romance	90
The Great Debaters	United States	English	2007	Denzel Washington	Color	Biography|Drama	126
When the Game Stands Tall	United States	English	2014	Thomas Carter	Color	Drama|Family|Sport	115
All About Steve	United States	English	2009	Phil Traill	Color	Comedy|Romance	99
Boogie Nights	United States	English	1997	Paul Thomas Anderson	Color	Drama	155
Urban Legends: Final Cut	United States	English	2000	John Ottman	Color	Horror|Mystery|Thriller	97
Disturbing Behavior	Australia	English	1998	David Nutter	Color	Horror|Mystery|Sci-Fi|Thriller	84
The Hurt Locker	United States	English	2008	Kathryn Bigelow	Color	Drama|History|Thriller|War	131
The Pirates Who Don't Do Anything: A VeggieTales Movie	United States	English	2008	Mike Nawrocki	Color	Adventure|Animation|Comedy|Family	85
One Day	United States	English	2011	Lone Scherfig	Color	Drama|Romance	107
The Muse	United States	English	1999	Albert Brooks	Color	Comedy	97
The Man with the Iron Fists	United States	English	2012	RZA	Color	Action	107
The Big Lebowski	United States	English	1998	Joel Coen	Color	Comedy|Crime	117
Whatever It Takes	United States	English	2000	David Raynr	Color	Comedy|Drama|Romance	94
Peeples	United States	English	2013	Tina Gordon Chism	Color	Comedy|Romance	95
Whatever Works	United States	English	2009	Woody Allen	Color	Comedy|Romance	92
Kiss Kiss Bang Bang	United States	English	2005	Shane Black	Color	Comedy|Crime|Mystery	103
You Will Meet a Tall Dark Stranger	United States	English	2010	Woody Allen	Color	Comedy|Drama|Romance	98
Funny Games	United States	English	2007	Michael Haneke	Color	Crime|Drama|Horror|Thriller	111
District B13	France	French	2004	Pierre Morel	Color	Action|Crime|Thriller	84
Ong-bak 2	Thailand	Thai	2008	Tony Jaa	Color	Action	110
The Son of No One	United States	English	2011	Dito Montiel	Color	Crime|Drama|Thriller	90
Khumba	South Africa	English	2013	Anthony Silverston	Color	Adventure|Animation|Family	85
Groundhog Day	United States	English	1993	Harold Ramis	Color	Comedy|Fantasy|Romance	101
Freedom	United States	English	2014	Peter Cousens	Color	Drama|Family|Music	94
Pretty Woman	United States	English	1990	Garry Marshall	Color	Comedy|Romance	125
Cool Runnings	United States	English	1993	Jon Turteltaub	Black and White	Adventure|Comedy|Family|Sport	98
Stomp the Yard	United States	English	2007	Sylvain White	Color	Drama|Music|Romance	109
White Fang	United States	English	1991	Randal Kleiser	Color	Adventure|Drama	107
All About the Benjamins	United States	English	2002	Kevin Bray	Color	Action|Comedy|Crime|Thriller	95
A Perfect Getaway	United States	English	2009	David Twohy	Color	Adventure|Mystery|Thriller	108
Thinner	United States	English	1996	Tom Holland	Color	Fantasy|Horror	93
Jason X	United States	English	2001	James Isaac	Color	Action|Horror|Sci-Fi|Thriller	85
Fun Size	United States	English	2012	Josh Schwartz	Color	Adventure|Comedy	86
A Walk on the Moon	United States	English	1999	Tony Goldwyn	Color	Drama	107
Caravans	Iran	English	1978	James Fargo	Color	Action|Adventure|History	127
The Lucky Ones	United States	English	2008	Neil Burger	Color	Comedy|Drama|War	115
Brokeback Mountain	United States	English	2005	Ang Lee	Color	Drama|Romance	134
Hot Tub Time Machine 2	United States	English	2015	Steve Pink	Color	Comedy|Sci-Fi	99
Good Morning, Vietnam	United States	English	1987	Barry Levinson	Color	Biography|Comedy|Drama|War	121
RoboCop	United States	English	2014	José Padilha	Color	Action|Crime|Sci-Fi|Thriller	117
Miracles from Heaven	United States	English	2016	Patricia Riggen	Color	Drama	109
About Last Night	United States	English	2014	Steve Pink	Color	Comedy|Romance	100
The Shallows	United States	English	2016	Jaume Collet-Serra	Color	Drama|Horror|Thriller	86
Baby Geniuses	United States	English	1999	Bob Clark	Color	Comedy|Crime|Family|Sci-Fi	97
No Good Deed	United States	English	2014	Sam Miller	Color	Crime|Thriller	84
Earth to Echo	United States	English	2014	Dave Green	Color	Adventure|Family|Sci-Fi	91
Woo	United States	English	1998	Daisy von Scherler Mayer	Color	Comedy|Romance	84
Dick	France	English	1999	Andrew Fleming	Color	Comedy	94
21 & Over	United States	English	2013	Jon Lucas	Color	Comedy	93
The Widow of Saint-Pierre	France	French	2000	Patrice Leconte	Color	Drama|Romance	112
Find Me Guilty	Germany	English	2006	Sidney Lumet	Color	Biography|Comedy|Crime|Drama	125
The Vatican Tapes	United States	English	2015	Mark Neveldine	Color	Horror|Thriller	91
The Crocodile Hunter: Collision Course	Australia	English	2002	John Stainton	Color	Action|Adventure|Comedy|Family	90
The Emperor's Club	United States	English	2002	Michael Hoffman	Color	Drama	109
The Killer Inside Me	United States	English	2010	Michael Winterbottom	Color	Crime|Drama|Thriller	109
Lars and the Real Girl	United States	English	2007	Craig Gillespie	Color	Comedy|Drama|Romance	106
Solitary Man	United States	English	2009	Brian Koppelman	Color	Comedy|Drama|Romance	90
Tae Guk Gi: The Brotherhood of War	South Korea	Korean	2004	Je-kyu Kang	Color	Action|Drama|War	148
American Pie	United States	English	1999	Paul Weitz	Color	Comedy	95
Barbershop	United States	English	2002	Tim Story	Color	Comedy|Drama	102
Witness	United States	English	1985	Peter Weir	Color	Crime|Drama|Romance|Thriller	112
Jackie Brown	United States	English	1997	Quentin Tarantino	Color	Crime|Thriller	154
Project X	United States	English	2012	Nima Nourizadeh	Color	Comedy|Crime	93
The Eye	United States	English	2008	David Moreau	Color	Horror|Mystery	92
Frida	United States	English	2002	Julie Taymor	Black and White	Biography|Drama|Romance	123
Top Five	United States	English	2014	Chris Rock	Color	Comedy|Romance	102
Aquamarine	United States	English	2006	Elizabeth Allen Rosenbaum	Color	Comedy|Family|Fantasy|Romance	104
Tales from the Crypt: Demon Knight	United States	English	1995	Ernest R. Dickerson	Color	Action|Fantasy|Horror|Thriller	92
How to Be a Player	United States	English	1997	Lionel C. Martin	Color	Comedy	93
The Postman Always Rings Twice	United States	English	1981	Bob Rafelson	Color	Crime|Drama|Romance|Thriller	122
Arbitrage	United States	English	2012	Nicholas Jarecki	Color	Drama|Thriller	107
Fortress	Australia	English	1992	Stuart Gordon	Color	Action|Crime|Sci-Fi|Thriller	95
From Justin to Kelly	United States	English	2003	Robert Iscove	Color	Comedy|Musical|Romance	90
The Host	South Korea	Korean	2006	Joon-ho Bong	Color	Comedy|Drama|Horror|Sci-Fi	110
The Great Beauty	Italy	Italian	2013	Paolo Sorrentino	Color	Drama	172
Duma	United States	English	2005	Carroll Ballard	Color	Adventure|Drama|Family	100
Critical Care	Australia	English	1997	Sidney Lumet	Color	Comedy|Drama	107
Fateless	Hungary	Hungarian	2005	Lajos Koltai	Color	Drama|Romance|War	134
City of Life and Death	China	Mandarin	2009	Chuan Lu	Black and White	Drama|History|War	132
5 Days of War	Georgia	English	2011	Renny Harlin	Color	Action|Drama|War	113
Pet Sematary	United States	English	1989	Mary Lambert	Color	Fantasy|Horror	103
Star Wars: Episode IV - A New Hope	United States	English	1977	George Lucas	Color	Action|Adventure|Fantasy|Sci-Fi	125
The Fighter	United States	English	2010	David O. Russell	Color	Biography|Drama|Sport	116
Drive Hard	Canada	English	2014	Brian Trenchard-Smith	Color	Action|Comedy|Crime	92
Cruel Intentions	United States	English	1999	Roger Kumble	Color	Drama|Romance	97
Corky Romano	United States	English	2001	Rob Pritts	Color	Comedy|Crime	86
Out Cold	United States	English	2001	Brendan Malloy	Color	Comedy|Sport	89
Kinsey	United States	English	2004	Bill Condon	Black and White	Biography|Drama	118
The Visual Bible: The Gospel of John	Canada	English	2003	Philip Saville	Color	Biography|Drama|History	125
Return to the Blue Lagoon	United States	English	1991	William A. Graham	Color	Adventure|Drama|Romance	102
Poltergeist	United States	English	1982	Tobe Hooper	Color	Fantasy|Horror	120
Jindabyne	Australia	English	2006	Ray Lawrence	Color	Crime|Drama|Mystery|Thriller	118
In the Land of Women	United States	English	2007	Jon Kasdan	Color	Comedy|Drama|Romance	97
For Greater Glory: The True Story of Cristiada	Mexico	Spanish	2012	Dean Wright	Color	Drama|History|War	145
Saw III	United States	English	2006	Darren Lynn Bousman	Color	Horror|Mystery	121
She's All That	United States	English	1999	Robert Iscove	Color	Comedy|Romance	95
The Color of Money	United States	English	1986	Martin Scorsese	Color	Drama|Sport	119
Happy Gilmore	United States	English	1996	Dennis Dugan	Color	Comedy|Sport	92
Mad Max Beyond Thunderdome	Australia	English	1985	George Miller	Color	Action|Adventure|Sci-Fi|Thriller	107
Friday After Next	United States	English	2002	Marcus Raboy	Color	Comedy|Drama	85
Dogma	United States	English	1999	Kevin Smith	Color	Adventure|Comedy|Drama|Fantasy	130
A Low Down Dirty Shame	United States	English	1994	Keenen Ivory Wayans	Color	Action|Comedy|Crime	100
The Outsiders	United States	English	1983	Francis Ford Coppola	Color	Crime|Drama	114
Sparkle	United States	English	2012	Salim Akil	Color	Drama|Music	116
Sugar Hill	United States	English	1993	Leon Ichaso	Black and White	Drama|Thriller	123
Skyline	United States	English	2010	Colin Strause	Color	Action|Sci-Fi|Thriller	97
Kung Pow: Enter the Fist	United States	English	2002	Steve Oedekerk	Color	Action|Comedy	81
The Corruptor	United States	English	1999	James Foley	Color	Action|Crime|Drama|Mystery|Thriller	110
The Goods: Live Hard, Sell Hard	United States	English	2009	Neal Brennan	Color	Comedy	89
The Gift	United States	English	2015	Joel Edgerton	Color	Mystery|Thriller	108
Drop Dead Gorgeous	Germany	English	1999	Michael Patrick Jann	Color	Comedy|Romance|Thriller	97
Body Double	United States	English	1984	Brian De Palma	Color	Mystery|Thriller	114
Over Her Dead Body	United States	English	2008	Jeff Lowell	Color	Comedy|Fantasy|Romance	95
The Collection	United States	English	2012	Marcus Dunstan	Color	Action|Horror|Thriller	82
Deuces Wild	United States	English	2002	Scott Kalvert	Color	Action|Crime|Drama	96
On the Line	United States	English	2001	Eric Bross	Color	Comedy|Family|Romance	85
I Am Love	Italy	Italian	2009	Luca Guadagnino	Color	Drama|Romance	120
Malone	United States	English	1987	Harley Cokeliss	Color	Action|Drama|Thriller	92
The Forest	United States	English	2016	Jason Zada	Color	Horror|Mystery|Thriller	93
Spider	Canada	English	2002	David Cronenberg	Color	Drama|Mystery|Thriller	98
Cecil B. DeMented	France	English	2000	John Waters	Color	Comedy|Crime|Thriller	87
The Brothers Solomon	United States	English	2007	Bob Odenkirk	Color	Comedy	93
Shaolin Soccer	Hong Kong	Cantonese	2001	Stephen Chow	Black and White	Action|Comedy|Sport	85
The Chambermaid on the Titanic	France	French	1997	Bigas Luna	Color	Drama|Romance	101
Police Academy: Mission to Moscow	United States	English	1994	Alan Metter	Color	Comedy|Crime	83
An Alan Smithee Film: Burn Hollywood Burn	United States	English	1997	Arthur Hiller	Color	Comedy	86
Free Style	Canada	English	2008	William Dear	Color	Drama	94
The Oxford Murders	Spain	English	2008	Álex de la Iglesia	Color	Crime|Mystery|Thriller	104
You Got Served: Beat the World	Canada	English	2011	Robert Adetuyi	Color	Drama|Music	91
The Devil's Tomb	United States	English	2009	Jason Connery	Color	Action|Horror|Sci-Fi	90
Nurse 3D	United States	English	2013	Douglas Aarniokoski	Color	Horror|Thriller	84
Next Friday	United States	English	2000	Steve Carr	Color	Comedy	98
Re-Kill	United States	English	2015	Valeri Milev	Color	Action|Horror	88
Gentlemen Broncos	United States	English	2009	Jared Hess	Color	Adventure|Comedy|Sci-Fi	89
Jab Tak Hai Jaan	India	Hindi	2012	Yash Chopra	Color	Drama|Romance	176
Detention	United States	English	2011	Joseph Kahn	Color	Comedy|Horror|Sci-Fi	93
Child's Play	United States	English	1988	Tom Holland	Color	Fantasy|Horror	87
Harold & Kumar Go to White Castle	United States	English	2004	Danny Leiner	Color	Adventure|Comedy	88
Black Christmas	United States	English	2006	Glen Morgan	Color	Horror	94
The Way of the Gun	United States	English	2000	Christopher McQuarrie	Color	Action|Crime|Drama|Thriller	119
The Ice Pirates	United States	English	1984	Stewart Raffill	Color	Action|Adventure|Comedy|Romance|Sci-Fi	91
The Wailing	South Korea	Korean	2016	Hong-jin Na	Color	Fantasy|Horror|Mystery|Thriller	156
Barbecue	France	French	2014	Eric Lavaine	Color	Comedy	98
Flame and Citron	Denmark	Danish	2008	Ole Christian Madsen	Color	Drama|History|Thriller|War	45
Crocodile Dundee	Australia	English	1986	Peter Faiman	Color	Adventure|Comedy	93
Skin Trade	Thailand	English	2014	Ekachai Uekrongtham	Color	Action|Crime|Thriller	96
Baggage Claim	United States	English	2013	David E. Talbert	Color	Comedy	96
The Namesake	United States	English	2006	Mira Nair	Color	Drama	122
Silmido	South Korea	Korean	2003	Woo-Suk Kang	Color	Action|Drama	135
Limbo	United States	English	1999	John Sayles	Color	Adventure|Drama|Thriller	126
The Karate Kid	United States	English	1984	John G. Avildsen	Color	Action|Drama|Family|Sport	126
Pulp Fiction	United States	English	1994	Quentin Tarantino	Color	Crime|Drama	178
Splash	United States	English	1984	Ron Howard	Color	Comedy|Fantasy|Romance	111
Escape from Alcatraz	United States	English	1979	Don Siegel	Color	Biography|Crime|Drama	112
Shutter	United States	English	2008	Masayuki Ochiai	Color	Horror|Mystery|Thriller	90
Kicks	United States	English	2016	Justin Tipping	Color	Adventure	80
Half Baked	United States	English	1998	Tamra Davis	Color	Comedy|Crime	82
The Good Girl	United States	English	2002	Miguel Arteta	Color	Drama|Romance	93
Enough Said	United States	English	2013	Nicole Holofcener	Color	Comedy|Drama|Romance	93
The Pallbearer	United States	English	1996	Matt Reeves	Color	Comedy|Romance	98
8 Women	France	French	2002	François Ozon	Color	Comedy|Crime|Musical|Romance	111
Prefontaine	United States	English	1997	Steve James	Color	Biography|Drama|Romance|Sport	106
Brooklyn Rules	United States	English	2007	Michael Corrente	Color	Crime|Drama	99
Pathology	United States	English	2008	Marc Schölermann	Color	Crime|Horror|Thriller	95
Akira	Japan	Japanese	1988	Katsuhiro Ôtomo	Color	Action|Animation|Sci-Fi	124
My Lucky Star	China	Chinese	2013	Dennie Gordon	Color	Action|Adventure|Comedy|Romance	114
Code of Honor	United States	English	2016	Michael Winnick	Color	Action	106
Far from Men	France	French	2014	David Oelhoffen	Color	Drama|War|Western	101
Narc	United States	English	2002	Joe Carnahan	Color	Crime|Drama|Mystery|Thriller	105
Extract	United States	English	2009	Mike Judge	Color	Comedy|Crime|Romance	92
Black November	Nigeria	English	2012	Jeta Amata	Color	Action|Crime|Drama|Thriller	95
The Wave	Germany	German	2008	Dennis Gansel	Color	Drama|Thriller	107
Juno	United States	English	2007	Jason Reitman	Color	Comedy|Drama|Romance	96
500 Days of Summer	United States	English	2009	Marc Webb	Color	Comedy|Drama|Romance	95
My Dog Skip	United States	English	2000	Jay Russell	Color	Drama|Family|Sport	95
Good Night, and Good Luck.	United States	English	2005	George Clooney	Black and White	Biography|Drama|History	93
Action Jackson	United States	English	1988	Craig R. Baxley	Color	Action|Comedy|Crime|Thriller	96
The Devil's Rejects	United States	English	2005	Rob Zombie	Color	Crime|Horror	109
Alien Zone	United States	English	1978	Sharron Miller	Color	Horror	79
Beyond the Lights	United States	English	2014	Gina Prince-Bythewood	Color	Drama|Music	116
Rabbit-Proof Fence	Australia	Aboriginal	2002	Phillip Noyce	Color	Adventure|Biography|Drama|History	94
Redbelt	United States	English	2008	David Mamet	Color	Drama|Sport	99
Factory Girl	United States	English	2006	George Hickenlooper	Color	Biography|Drama	99
Les visiteurs	France	French	1993	Jean-Marie Poiré	Color	Comedy|Fantasy|Sci-Fi	107
Hesher	United States	English	2010	Spencer Susser	Color	Drama	106
Hard to Be a God	Russia	Russian	2013	Aleksey German	Black and White	Drama|Sci-Fi	177
Twixt	United States	English	2011	Francis Ford Coppola	Color	Comedy|Fantasy|Horror|Mystery	88
Dazed and Confused	United States	English	1993	Richard Linklater	Color	Comedy	102
Aimee & Jaguar	Germany	German	1999	Max Färberböck	Color	Biography|Drama|Romance|War	125
Incendies	Canada	French	2010	Denis Villeneuve	Color	Drama|Mystery|War	139
Annabelle	United States	English	2014	John R. Leonetti	Color	Horror|Mystery	99
The Four Seasons	United States	English	1981	Alan Alda	Color	Comedy|Drama	107
Friends with Money	United States	English	2006	Nicole Holofcener	Color	Comedy|Drama|Romance	88
The Work and the Glory II: American Zion	United States	English	2005	Sterling Van Wagenen	Color	Drama|Western	100
Good Bye Lenin!	Germany	German	2003	Wolfgang Becker	Black and White	Drama|Romance	121
Fahrenheit 9/11	United States	English	2004	Michael Moore	Color	Documentary|Drama|War	122
Around the World in 80 Days	United States	English	2004	Frank Coraci	Color	Action|Adventure|Comedy	120
The Wood	United States	English	1999	Rick Famuyiwa	Color	Comedy|Drama|Romance	106
The Wrestler	United States	English	2008	Darren Aronofsky	Color	Drama|Sport	109
Daddy Day Camp	United States	English	2007	Fred Savage	Color	Comedy|Family	89
Tales from the Hood	United States	English	1995	Rusty Cundieff	Color	Comedy|Horror|Thriller	98
200 Cigarettes	United States	English	1999	Risa Bramon Garcia	Color	Comedy|Drama|Romance	101
The Guard	Ireland	English	2011	John Michael McDonagh	Color	Comedy|Crime|Thriller	96
Wish I Was Here	United States	English	2014	Zach Braff	Color	Comedy|Drama	106
Goddess of Love	United States	English	2015	Jon Knautz	Color	Drama|Horror|Mystery|Thriller	93
The Wild Bunch	United States	English	1969	Sam Peckinpah	Color	Action|Adventure|Western	144
The Flower of Evil	France	French	2003	Claude Chabrol	Color	Drama	104
Surfer, Dude	United States	English	2008	S.R. Bindler	Color	Comedy	85
Don McKay	United States	English	2009	Jake Goldberger	Color	Drama|Mystery|Thriller	87
Videodrome	Canada	English	1983	David Cronenberg	Color	Horror|Mystery|Sci-Fi|Thriller	89
Winter in Wartime	Netherlands	Dutch	2008	Martin Koolhoven	Color	Drama|History|War	103
Sunshine State	United States	English	2002	John Sayles	Color	Drama|Romance	141
Standing Ovation	United States	English	2010	Stewart Raffill	Color	Musical	105
Don Jon	United States	English	2013	Joseph Gordon-Levitt	Color	Comedy|Drama|Romance	90
The Chorus	France	French	2004	Christophe Barratier	Color	Drama|Music	97
Harvard Man	United States	English	2001	James Toback	Color	Comedy|Crime|Drama|Romance|Thriller	99
Rang De Basanti	India	Hindi	2006	Rakeysh Omprakash Mehra	Color	Comedy|Drama|History|Romance	157
Headhunters	Norway	Norwegian	2011	Morten Tyldum	Color	Crime|Drama|Thriller	100
Dum Maaro Dum	India	Hindi	2011	Rohan Sippy	Color	Action|Crime|Drama|Thriller	128
Jackass: The Movie	United States	English	2002	Jeff Tremaine	Color	Comedy|Documentary	87
A Nightmare on Elm Street 3: Dream Warriors	United States	English	1987	Chuck Russell	Color	Action|Fantasy|Horror|Thriller	88
The Robe	United States	English	1953	Henry Koster	Color	Drama|History	135
Paranormal Activity: The Marked Ones	United States	English	2014	Christopher Landon	Color	Fantasy|Horror|Thriller	101
Memento	United States	English	2000	Christopher Nolan	Black and White	Mystery|Thriller	113
House Party 2	United States	English	1991	George Jackson	Color	Comedy|Drama|Music|Romance	94
Mommie Dearest	United States	English	1981	Frank Perry	Color	Biography|Drama	129
O	United States	English	2001	Tim Blake Nelson	Color	Drama|Romance|Thriller	95
Still Alice	United States	English	2014	Richard Glatzer	Color	Drama	101
My Big Fat Greek Wedding	United States	English	2002	Joel Zwick	Color	Comedy|Family|Romance	95
The Haunting of Molly Hartley	United States	English	2008	Mickey Liddell	Color	Drama|Horror|Thriller	82
Diner	United States	English	1982	Barry Levinson	Color	Comedy|Drama	110
No Escape	United States	English	2015	John Erick Dowdle	Color	Action|Thriller	103
Not Easily Broken	United States	English	2009	Bill Duke	Color	Drama|Romance	99
Saved!	United States	English	2004	Brian Dannelly	Color	Comedy|Drama	92
UHF	United States	English	1989	Jay Levey	Color	Comedy|Drama	150
Made	United States	English	2001	Jon Favreau	Color	Comedy|Crime|Drama|Thriller	95
Bottle Shock	United States	English	2008	Randall Miller	Color	Comedy|Drama	110
Everything Must Go	United States	English	2010	Dan Rush	Color	Comedy|Drama	97
Kill the Messenger	United States	English	2014	Michael Cuesta	Color	Biography|Crime|Drama|Mystery|Thriller	112
The Oh in Ohio	United States	English	2006	Billy Kent	Color	Comedy|Drama|Romance	88
Gandhi, My Father	India	Hindi	2007	Feroz Abbas Khan	Color	Biography|Drama|History	136
Lovely, Still	United States	English	2008	Nicholas Fackler	Color	Drama|Romance	90
The Visit	United States	English	2015	M. Night Shyamalan	Color	Horror|Thriller	94
Sleep Tight	Spain	Spanish	2011	Jaume Balagueró	Color	Drama|Horror|Thriller	102
Rudderless	United States	English	2014	William H. Macy	Color	Comedy|Drama|Music	105
Dying of the Light	Bahamas	English	2014	Paul Schrader	Color	Drama|Thriller	94
Navy Seals vs. Zombies	United States	English	2015	Stanton Barrett	Color	Action|Horror	97
Hostel	United States	English	2005	Eli Roth	Color	Horror	93
The Texas Chainsaw Massacre 2	United States	English	1986	Tobe Hooper	Color	Comedy|Horror	101
Without Men	United States	English	2011	Gabriela Tagliavini	Color	Comedy	87
Savage Grace	Spain	English	2007	Tom Kalin	Color	Drama	97
Fast Times at Ridgemont High	United States	English	1982	Amy Heckerling	Color	Comedy|Drama	90
Requiem for a Dream	United States	English	2000	Darren Aronofsky	Color	Drama	102
Donnie Darko	United States	English	2001	Richard Kelly	Color	Drama|Sci-Fi|Thriller	133
Life During Wartime	United States	English	2009	Todd Solondz	Color	Comedy|Drama	98
Blackthorn	Spain	English	2011	Mateo Gil	Color	Action|Adventure|Western	102
One Flew Over the Cuckoo's Nest	United States	English	1975	Milos Forman	Color	Drama	133
Easy Money	Sweden	Swedish	2010	Daniel Espinosa	Color	Action|Crime|Drama|Thriller	124
Pan	United States	English	2015	Joe Wright	Color	Adventure|Family|Fantasy	111
Survival of the Dead	United States	English	2009	George A. Romero	Color	Horror	90
The Greatest Show on Earth	United States	English	1952	Cecil B. DeMille	Color	Drama|Family|Romance	152
Hansel & Gretel Get Baked	United States	English	2013	Duane Journey	Color	Comedy|Horror	86
Trapeze	United States	English	1956	Carol Reed	Color	Drama|Romance	105
What the #$*! Do We (K)now!?	United States	English	2004	William Arntz	Black and White	Comedy|Documentary|Drama|Fantasy|Mystery|Sci-Fi	109
The Wash	United States	English	2001	DJ Pooh	Color	Comedy	93
The Night Listener	United States	English	2006	Patrick Stettner	Color	Crime|Mystery|Thriller	81
A Haunted House 2	United States	English	2014	Michael Tiddes	Color	Comedy|Fantasy	86
Four Rooms	United States	English	1995	Allison Anders	Color	Comedy|Fantasy	110
Waiting for Guffman	United States	English	1996	Christopher Guest	Color	Comedy	84
Red State	United States	English	2011	Kevin Smith	Color	Action|Crime|Horror|Thriller	88
Zipper	United States	English	2015	Mora Stephens	Color	Drama|Thriller	103
Joe	United States	English	2013	David Gordon Green	Color	Drama	117
Trust	United States	English	2010	David Schwimmer	Color	Crime|Drama|Thriller	106
Mondays in the Sun	Spain	Spanish	2002	Fernando León de Aranoa	Color	Comedy|Drama	113
Another Happy Day	United States	English	2011	Sam Levinson	Color	Comedy|Drama	119
Inescapable	Canada	English	2012	Ruba Nadda	Color	Drama|Mystery|Romance|Thriller	93
The Loved Ones	Australia	English	2009	Sean Byrne	Color	Horror|Thriller	84
Ben-Hur	United States	English	2016	Timur Bekmambetov	Color	Adventure|Drama|History	141
Down for Life	United States	English	2009	Alan Jacobs	Color	Drama	92
The Pirate	United States	English	1948	Vincente Minnelli	Color	Adventure|Comedy|Musical|Romance	102
Chain of Command	United States	English	2015	Kevin Carraway	Color	Action|Thriller	88
The Ballad of Cable Hogue	United States	English	1970	Sam Peckinpah	Color	Comedy|Drama|Romance|Western	121
The Witch	United States	English	2015	Robert Eggers	Color	Horror|Mystery	92
The Secret in Their Eyes	Argentina	Spanish	2009	Juan José Campanella	Color	Drama|Mystery|Thriller	129
Pootie Tang	United States	English	2001	Louis C.K.	Color	Action|Adventure|Comedy|Musical	81
Ira & Abby	United States	English	2006	Robert Cary	Color	Comedy|Romance	101
The Masked Saint	Canada	English	2016	Warren P. Sonoda	Color	Action|Biography|Crime|Drama|Family|Fantasy	105
Batman: The Dark Knight Returns, Part 2	United States	English	2013	Jay Oliva	Color	Action|Animation|Crime|Sci-Fi|Thriller	148
High Anxiety	United States	English	1977	Mel Brooks	Color	Comedy	94
Choke	United States	English	2008	Clark Gregg	Color	Comedy|Drama	92
The Dead Girl	United States	English	2006	Karen Moncrieff	Color	Crime|Drama|Mystery	93
Class of 1984	Canada	English	1982	Mark L. Lester	Color	Action|Crime|Drama|Thriller	98
Rosemary's Baby	United States	English	1968	Roman Polanski	Color	Drama|Horror	136
Beginners	United States	English	2010	Mike Mills	Color	Comedy|Drama|Romance	105
It's a Wonderful Life	United States	English	1946	Frank Capra	Color	Drama|Family|Fantasy|Romance	118
Coming Home	China	Mandarin	2014	Yimou Zhang	Color	Drama	109
Martin Lawrence Live: Runteldat	United States	English	2002	David Raynr	Color	Biography|Comedy|Documentary	113
Pokémon 3: The Movie	Japan	Japanese	2000	Kunihiko Yuyama	Color	Action|Adventure|Animation|Family|Fantasy|Sci-Fi	93
The Apartment	United States	English	1960	Billy Wilder	Black and White	Comedy|Drama|Romance	125
Krush Groove	United States	English	1985	Michael Schultz	Color	Comedy|Drama|Music	97
Trippin'	United States	English	1999	David Raynr	Color	Comedy	94
Teen Wolf Too	United States	English	1987	Christopher Leitch	Color	Comedy|Fantasy	95
Water	Canada	Hindi	2005	Deepa Mehta	Color	Drama|Romance	117
Willy Wonka & the Chocolate Factory	United States	English	1971	Mel Stuart	Color	Family|Fantasy|Musical	89
Thirteen Conversations About One Thing	United States	English	2001	Jill Sprecher	Color	Drama	104
Happiness	United States	English	1998	Todd Solondz	Color	Comedy|Drama	134
Letters to God	United States	English	2010	David Nixon	Color	Drama|Family	110
Damsels in Distress	United States	English	2011	Whit Stillman	Color	Comedy|Drama|Romance	99
The Gambler	United States	English	2014	Rupert Wyatt	Color	Crime|Drama|Thriller	111
Just Looking	United States	English	1999	Jason Alexander	Color	Comedy|Drama	97
My Big Fat Independent Movie	United States	English	2005	Philip Zlotorynski	Color	Comedy	80
Open Road	Brazil	English	2013	Marcio Garcia	Color	Action|Drama|Thriller	85
Point Blank	United States	English	1967	John Boorman	Color	Crime|Thriller	92
Iguana	Italy	English	1988	Monte Hellman	Color	Adventure|Crime|Drama	97
Central Station	Brazil	Portuguese	1998	Walter Salles	Color	Drama	113
Amnesiac	United States	English	2014	Michael Polish	Color	Drama|Horror|Mystery|Thriller	90
Unnatural	United States	English	2015	Hank Braxtan	Color	Action|Horror|Thriller	89
The Wizard of Oz	United States	English	1939	Victor Fleming	Black and White	Adventure|Family|Fantasy|Musical	102
Ulee's Gold	United States	English	1997	Victor Nunez	Color	Drama	113
Donovan's Reef	United States	English	1963	John Ford	Color	Adventure|Comedy|Romance	109
Friday the 13th: The Final Chapter	United States	English	1984	Joseph Zito	Color	Horror|Thriller	97
Riding Giants	United States	English	2004	Stacy Peralta	Color	Documentary|History|Sport	105
Singin' in the Rain	United States	English	1952	Stanley Donen	Color	Comedy|Musical|Romance	103
Halloween II	United States	English	2009	Rob Zombie	Color	Horror	119
Hud	United States	English	1963	Martin Ritt	Black and White	Drama	112
Before Sunrise	United States	English	1995	Richard Linklater	Color	Drama|Romance	105
Robot & Frank	United States	English	2012	Jake Schreier	Color	Comedy|Crime|Drama|Sci-Fi	89
Religulous	United States	English	2008	Larry Charles	Color	Comedy|Documentary|War	101
Eye of the Dolphin	United States	English	2006	Michael D. Sellers	Color	Comedy|Drama|Family	100
Super	United States	English	2010	James Gunn	Color	Comedy|Crime|Drama	96
Get on the Bus	United States	English	1996	Spike Lee	Color	Drama|History	120
Go for It!	United States	English	2011	Carmen Marron	Color	Drama|Musical	105
The Calling	United States	English	2014	Jason Stone	Color	Thriller	108
8 Days	United States	English	2014	Jaco Booyens	Color	Drama|Thriller	90
Do You Believe?	United States	English	2015	Jon Gunn	Color	Drama	120
Always Woodstock	United States	English	2014	Rita Merson	Color	Comedy|Music|Romance	97
Elling	Norway	Norwegian	2001	Petter Næss	Color	Comedy|Drama	89
Sharkskin	United States	English	2015	Dan Perri	Color	Comedy|Drama|Mystery|Romance|Thriller	100
It Follows	United States	English	2014	David Robert Mitchell	Color	Horror|Mystery	100
The Legend of Drunken Master	Hong Kong	Cantonese	1994	Chia-Liang Liu	Color	Action|Comedy	102
Courageous	United States	English	2011	Alex Kendrick	Color	Drama	129
Smoke Signals	Canada	English	1998	Chris Eyre	Color	Comedy|Drama	89
Thirteen	United States	English	2003	Catherine Hardwicke	Color	Drama	100
Me and You and Everyone We Know	United States	English	2005	Miranda July	Color	Comedy|Drama	91
Captive	United States	English	2015	Jerry Jameson	Color	Crime|Drama|Thriller	97
The Book of Mormon Movie, Volume 1: The Journey	United States	English	2003	Gary Rogers	Color	Adventure	120
Inside Deep Throat	United States	English	2005	Fenton Bailey	Black and White	Biography|Documentary|History	89
House of D	United States	English	2004	David Duchovny	Color	Comedy|Drama	96
Stonewall	United States	English	2015	Roland Emmerich	Color	Drama	129
The Last Five Years	United States	English	2014	Richard LaGravenese	Color	Comedy|Drama|Musical|Romance	94
Stealing Harvard	United States	English	2002	Bruce McCulloch	Color	Comedy|Crime	85
Grave Encounters	Canada	English	2011	Colin Minihan	Color	Horror	92
Supercapitalist	United States	English	2012	Simon Yin	Color	Thriller	102
Highway	United States	English	2002	James Cox	Color	Crime|Drama	97
Straight A's	United States	English	2013	James Cox	Color	Comedy|Drama	91
The Walking Deceased	United States	English	2015	Scott Dow	Color	Comedy|Horror	88
Northfork	United States	English	2003	Michael Polish	Color	Drama|Fantasy	103
One to Another	France	French	2006	Pascal Arnold	Color	Drama	95
Abandoned	New Zealand	English	2015	John Laing	Color	Drama	86
Dr. Strangelove or: How I Learned to Stop Worrying and Love the Bomb	United States	English	1964	Stanley Kubrick	Black and White	Comedy	95
Songcatcher	United States	English	2000	Maggie Greenwald	Color	Drama|Music	109
Ed and His Dead Mother	United States	English	1993	Jonathan Wacks	Black and White	Comedy|Horror	93
Sublime	United States	English	2007	Tony Krantz	Color	Horror|Thriller	113
Run Lola Run	Germany	German	1998	Tom Tykwer	Black and White	Crime|Drama	81
Under the Same Moon	Mexico	Spanish	2007	Patricia Riggen	Color	Adventure|Drama	106
Happy, Texas	United States	English	1999	Mark Illsley	Color	Comedy|Crime|Romance	98
She Wore a Yellow Ribbon	United States	English	1949	John Ford	Color	Western	103
Out of the Dark	United States	English	2014	Lluís Quílez	Color	Horror|Thriller	92
I Love Your Work	United States	English	2003	Adam Goldberg	Color	Drama|Mystery	111
Bloodsport	United States	English	1988	Newt Arnold	Color	Action|Biography|Drama|Sport	92
Kissing Jessica Stein	United States	English	2001	Charles Herman-Wurmfeld	Color	Comedy|Drama|Romance	97
Buffalo '66	United States	English	1998	Vincent Gallo	Color	Comedy|Crime|Drama|Romance	110
The Gatekeepers	Israel	Hebrew	2012	Dror Moreh	Color	Documentary|War	101
The Believer	United States	English	2001	Henry Bean	Black and White	Drama	98
I Want Someone to Eat Cheese With	United States	English	2006	Jeff Garlin	Color	Comedy|Romance	80
Stolen Summer	United States	English	2002	Pete Jones	Color	Drama	91
Forty Shades of Blue	United States	English	2005	Ira Sachs	Color	Drama|Music|Romance	108
Me You and Five Bucks	United States	English	2015	Jaime Zevallos	Color	Comedy|Drama|Romance	93
Fetching Cody	Canada	English	2005	David Ray	Color	Drama|Fantasy|Romance	87
Checkmate	United States	English	2015	Timothy Woodward Jr.	Color	Action|Crime|Thriller	97
Snow White and the Seven Dwarfs	United States	English	1937	William Cottrell	Color	Animation|Family|Fantasy|Musical	83
The Blue Room	France	French	2014	Mathieu Amalric	Color	Crime|Romance|Thriller	76
The Celebration	Denmark	Danish	1998	Thomas Vinterberg	Color	Drama	105
Eddie: The Sleepwalking Cannibal	Canada	English	2012	Boris Rodriguez	Color	Comedy|Horror	83
The Hebrew Hammer	United States	English	2003	Jonathan Kesselman	Black and White	Comedy	87
Rebecca	United States	English	1940	Alfred Hitchcock	Black and White	Drama|Film-Noir|Mystery|Thriller	130
Filly Brown	United States	English	2012	Youssef Delara	Color	Drama|Music	80
Da Sweet Blood of Jesus	United States	English	2014	Spike Lee	Color	Comedy|Romance|Thriller	123
The Algerian	United States	English	2014	Giovanni Zelko	Color	Action|Romance|Thriller	99
